14.10081514,120.8132298,405.5
14.10081084,120.8124029,401.5
14.10080545,120.8113693,397.3
14.10059955,120.8103367,393.3
14.10039473,120.8095109,389.2
14.10039041,120.808684,385
14.09998399,120.8076526,377.5
14.09977916,120.8068268,373.5
14.09937382,120.8060021,370.2
14.09916898,120.8051763,365.7
14.09876256,120.8041449,367.2
14.09835721,120.8033203,365.7
14.09775135,120.8024967,365.9
14.09734708,120.8018788,365.9
14.09674122,120.8010553,363.8
14.09613644,120.8004385,359.3
14.09553167,120.7998217,354.6
14.09492689,120.7992049,349.9
14.09452046,120.7981735,349
14.09391569,120.7975567,345.2
14.09371084,120.7967309,340.3
14.09350599,120.7959052,327.4
14.09350165,120.7950783,321.5
14.0930963,120.7942536,324.1
14.09309087,120.79322,312
14.09268442,120.7921887,305.8
14.09247848,120.7911562,315
14.09227253,120.7901237,315.2
14.09206876,120.7895047,312.4
14.0916623,120.7884733,307.5
14.09125584,120.7874419,302.3
14.09085047,120.7866173,303.7
14.0906456,120.7857916,301.6
14.09044182,120.7851725,299.5
14.09003644,120.7843479,293.7
14.08983047,120.7833154,290.3
14.08922458,120.7824919,285.2
14.08881919,120.7816673,279.5
14.08820892,120.7800169,273.4
14.08760302,120.7791934,274.7
14.08739594,120.7779542,268.3
14.08679003,120.7771307,263.8
14.08658842,120.7769251,262.4
14.08557821,120.7754837,256.5
14.08436857,120.7742503,245
14.08376266,120.7734268,246.8
14.08295733,120.7728112,243.9
14.08235251,120.7721944,241.4
14.08174768,120.7715777,238.4
14.08134226,120.7707531,229.5
14.08073743,120.7701363,232.8
14.08013149,120.7693129,227.1
14.07952666,120.7686961,225.1
14.07872132,120.7680805,222
14.07791598,120.7674649,211.7
14.07711063,120.7668494,184.5
14.0765069,120.7664394,159.1
14.07570044,120.765617,142.6
14.07489619,120.7652082,152.5
14.07429134,120.7645914,177.3
14.07328659,120.7641837,200.2
14.07268285,120.7637737,200
14.07187748,120.7631582,199.1
14.07107323,120.7627493,197.1
14.07046948,120.7623393,194.4
14.06946249,120.7615181,189.6
14.06865711,120.7609025,188.1
14.06765122,120.7602881,184
14.06684807,120.760086,183.1
14.0660438,120.7596771,179
14.06504014,120.7594762,177.8
14.06363659,120.7594842,173.7
14.06263293,120.7592833,171.4
14.06222967,120.7588721,170.8
14.06102662,120.758879,170.6
14.06042509,120.7588825,170.5
14.05901928,120.7584771,167.3
14.05801561,120.7582761,166
14.05721244,120.758074,163.5
14.05660978,120.7578707,162.3
14.05540333,120.7572574,151.1
14.05439964,120.7570564,139.7
14.0535976,120.757061,139.3
14.0519935,120.7570702,151.9
14.05079041,120.7570771,147.4
14.04998836,120.7570816,145
14.0491863,120.7570862,141.1
14.04878527,120.7570885,139.8
14.0473828,120.7573033,134.6
14.04638249,120.7577224,130.8
14.04518166,120.7581427,132.4
14.04418021,120.7583552,129
14.04357979,120.7585653,127
14.04237895,120.7589856,124.4
14.04177853,120.7591957,124.2
14.0403783,120.7598239,131.1
14.03897693,120.7602453,129.1
14.03817711,120.7606632,132.9
14.03737729,120.7610812,143.1
14.03657748,120.7614992,136.9
14.03557599,120.7617116,136.2
14.03477503,120.7619228,141.5
14.0339752,120.7623408,144.2
14.03317423,120.762552,145
14.03217387,120.7629711,145.5
14.03097069,120.7629778,141
14.03016971,120.7631891,138.1
14.02936986,120.763607,137.2
14.02857115,120.7642316,140.7
14.02757303,120.7650641,138.6
14.02697598,120.7658943,141
14.02577732,120.7667278,139.4
14.02477804,120.7673536,145.6
14.0241787,120.7677703,148
14.02358277,120.7688072,150.6
14.02298342,120.7692239,152.6
14.0221858,120.7700552,152.8
14.0211865,120.7706809,152.6
14.02038886,120.7715122,154.9
14.01959009,120.7721367,154.9
14.01899072,120.7725534,154.6
14.01839361,120.7733836,157.1
14.01779536,120.774007,158.5
14.01699883,120.7750449,162
14.0164017,120.775875,163.8
14.01600511,120.7767039,164.6
14.01520629,120.7773285,162.3
14.01481307,120.7787775,166.9
14.01441759,120.7798131,170.5
14.01401986,120.7804353,171.9
14.01362324,120.7812643,172.7
14.01322886,120.7825066,176.5
14.01303054,120.782921,178.6
14.01203449,120.7841667,181.2
14.0118384,120.7849945,177.6
14.01144176,120.7858234,179
14.01144844,120.7870634,179.2
14.01145289,120.7878901,179.4
14.01106066,120.7895457,192.4
14.01086786,120.7909935,199.2
14.01046897,120.791409,203.2
14.01007449,120.7926512,207.9
14.00987614,120.7930657,200.2
14.00927999,120.7941023,155
14.00808544,120.7957623,213.3
14.00748925,120.796799,227
14.00729089,120.7972134,226.5
14.00629466,120.798459,227
14.0059001,120.7997012,232
14.005705,120.8007356,240.4
14.0055088,120.8015633,246.7
14.00531369,120.8025978,250.2
14.00511748,120.8034255,252.6
14.00492344,120.8046666,241.1
14.00472721,120.8054943,236.1
14.00453315,120.8067354,245.9
14.00373303,120.8071532,251
14.00313997,120.8088098,235.3
14.00274207,120.809432,231.6
14.0025458,120.8102597,236.2
14.00255011,120.8110864,241.8
14.00236135,120.8133608,266.8
14.00216506,120.8141885,264
14.0019709,120.8154296,251.2
14.00217681,120.8164618,257.9
14.00258329,120.8174929,257
14.00258861,120.8185262,262.2
14.00299294,120.8191439,268.9
14.00339833,120.8199683,249.6
14.00400429,120.8207917,245.1
14.00401064,120.8220316,269.5
14.00401698,120.8232716,280.2
14.00402225,120.8243049,294.1
14.00422387,120.8245105,298
14.00443287,120.8261627,316.5
14.00463763,120.8269883,312.9
14.00464183,120.8278149,308.3
14.00484868,120.8290538,320.4
14.005254,120.8298783,327.6
14.00526027,120.8311183,327.6
14.005465,120.8319438,326.7
14.00606983,120.8325605,323.4
14.0068773,120.8335894,325
14.0070841,120.8348284,333.4
14.00748938,120.8356528,338.7
14.00809418,120.8362695,341
14.00829888,120.8370951,342.9
14.00890471,120.8379185,348.7
14.00950949,120.8385352,350.3
14.01011324,120.8389452,352
14.01091754,120.8393542,353.1
14.01152128,120.8397642,351.3
14.01252509,120.8399653,353.5
14.01332731,120.8399609,354.6
14.01412952,120.8399565,369.5
14.01533283,120.8399499,373.3
14.01593241,120.8395332,379.5
14.01673046,120.8387021,391.3
14.01753057,120.8382843,399.1
14.01833171,120.8380732,413.1
14.01933338,120.837861,427.7
14.01993501,120.8378577,428.8
14.02073716,120.8378533,406.4
14.02174192,120.8382611,359.6
14.02254718,120.8388767,377.9
14.02335139,120.8392857,373.3
14.02415767,120.840108,373
14.02456288,120.8409325,382.9
14.02516861,120.841756,376.1
14.02557484,120.8427872,389.2
14.0257795,120.8436128,403.2
14.02618469,120.8444374,432.7
14.02658987,120.8452619,460.3
14.02719455,120.8458787,468.1
14.02760076,120.84691,481.8
14.02820646,120.8477335,481.8
14.0296153,120.8487593,478
14.03042151,120.8495817,480.5
14.0314262,120.8499896,486.4
14.0320288,120.850193,482
14.03303451,120.8508076,491.6
14.03403918,120.8512156,487.2
14.0344433,120.8518335,492
14.03504795,120.8524503,489.4
14.03585311,120.8530661,501.6
14.0362562,120.8534773,506.9
14.03686186,120.8543009,519.5
14.03706647,120.8551266,534.1
14.03787163,120.8557424,540.6
14.03847524,120.8561525,543.7
14.03927834,120.8563549,541.8
14.04008144,120.8565573,545.8
14.04108404,120.8565518,552.9
14.04188611,120.8565475,551
14.04248766,120.8565442,546.4
14.04328973,120.8565399,540.1
14.0444918,120.8563267,556.7
14.04569284,120.8559067,554.6
14.04669336,120.8554879,539.2
14.04749335,120.8550701,534.2
14.04829437,120.8548591,534.8
14.04909539,120.854648,545.6
14.04989537,120.8542303,561.1
14.05069741,120.854226,564.9
14.05169789,120.8538071,579.4
14.05209891,120.853805,577.4
14.05410192,120.8533807,556.2
14.0545019,120.8531719,559.6
14.05570287,120.8527519,577.4
14.05650179,120.8521275,571.3
14.05690072,120.8517119,559.5
14.0578991,120.8508796,522.2
14.05789494,120.8500528,536.1
14.05789078,120.8492259,549.3
14.05808608,120.8481913,591.6
14.05828242,120.8473633,628.8
14.05828034,120.8469499,632.7
14.05827408,120.8457097,616.6
14.05806732,120.8444705,610.8
14.05806314,120.8436437,616.4
14.05805686,120.8424035,625.5
14.05805163,120.8413699,626.2
14.05845053,120.8409544,625.4
14.05945198,120.8407422,624.8
14.06025398,120.8407379,621.5
14.06145697,120.8407314,616.1
14.06225897,120.840727,608
14.06366246,120.8407194,591.1
14.06506594,120.8407118,579.7
14.06646943,120.8407042,583.5
14.06767242,120.8406977,590.8
14.06867386,120.8404856,586.4
14.06987685,120.8404791,578.1
14.07047624,120.8400625,572.1
14.07087724,120.8400603,568.2
14.07187762,120.8396414,563.1
14.07307956,120.8394282,560.4
14.07407994,120.8390094,553.1
14.07528188,120.8387962,550.6
14.07588232,120.8385862,548.8
14.07688482,120.8385808,545.5
14.07888982,120.83857,536.6
14.08009071,120.8381501,532.4
14.08149316,120.8379358,525.1
14.08249461,120.8377237,520
14.0832945,120.8373059,515.7
14.08429489,120.8368871,510.3
14.08509266,120.8360558,506.3
14.08549048,120.8354335,503.7
14.0856878,120.8348123,502
14.08588086,120.8333641,503.6
14.08587873,120.8329507,503.3
14.08607072,120.8312958,499.1
14.08606859,120.8308824,496.5
14.08666371,120.8296388,477.3
14.08706152,120.8290165,474.7
14.08745719,120.8279807,462.9
14.08805443,120.8271506,455
14.08885431,120.8267328,455
14.08945262,120.8261093,451.8
14.0902525,120.8256915,454.8
14.09105131,120.825067,452.1
14.09225114,120.8244403,459.2
14.09325047,120.8238147,459.4
14.09424979,120.823189,455.5
14.09544964,120.8225623,450.6
14.09584958,120.8223534,449.8
14.09684785,120.821521,442.6
14.09764561,120.8206897,436.1
14.09784183,120.8198617,431
14.09863959,120.8190304,427.8
14.09923683,120.8182002,428.6
14.09943305,120.8173721,426.8
14.09962819,120.8163374,423.9
14.09962281,120.8153038,418.9
14.10001846,120.8142679,412.5
14.10061678,120.8136444,407.4
14.10141562,120.8130198,406.9
14.10161506,120.812812,407.7
14.08682179,120.7831258,280.9
14.08621699,120.7825091,279.1
14.0854095,120.78148,267.8
14.08460311,120.7806577,268.7
14.08399831,120.7800409,263.1
14.0829914,120.7792198,248.9
14.0821861,120.7786042,233.5
14.0815813,120.7779874,226.9
14.08097649,120.7773707,198.7
14.07896046,120.7753149,167.8
14.07815405,120.7744926,205.2
14.07734431,120.7730501,200.3
14.07653678,120.7720211,172.9
14.07573145,120.7714055,196.9
14.07512552,120.770582,208.9
14.07472009,120.7697574,208
14.07411415,120.768934,217.3
14.0735082,120.7681105,213.5
14.07290225,120.767287,207.9
14.07229741,120.7666703,207.5
14.07148983,120.7656413,209.1
14.069878,120.7642034,200.4
14.06927202,120.7633799,197.1
14.06846666,120.7627643,193
14.06766016,120.761942,188.4
14.06685367,120.7611197,184.4
14.06585002,120.7609187,180.2
14.06605276,120.761331,181.5
14.06625662,120.7619501,183.2
14.06686261,120.7627735,188.3
14.06767022,120.7638026,193.2
14.06807569,120.7646272,196
14.06888773,120.7664832,202.1
14.0694948,120.7675133,207.6
14.06990247,120.7687514,209.5
14.07071003,120.7697804,213.4
14.0717203,120.7712217,221.4
14.07252895,120.7724575,225.6
14.07313709,120.7736944,228.5
14.07374522,120.7749313,230.4
14.07435224,120.7759614,230.2
14.07515865,120.7767837,237.7
14.07596946,120.7784329,232.6
14.07677806,120.7796686,250.5
14.07819254,120.7817278,246.5
14.07900002,120.7827568,206.8
14.07980859,120.7839926,188.8
14.08041447,120.784816,207.8
14.08102035,120.7856395,248.6
14.08162513,120.7862562,265.8
14.08263418,120.7874908,270.1
14.08404533,120.7889299,251.6
14.08505328,120.7899578,300
14.08606124,120.7909857,300.1
14.08646442,120.7913969,303.3
14.08767396,120.7926304,309.6
14.08827982,120.7934539,316
14.08868409,120.7940718,322
14.08888677,120.7944841,323.8
14.08969204,120.7950997,311.5
14.09069999,120.7961277,325.7
14.09110425,120.7967456,334.6
14.0921122,120.7977736,337.5
14.09332391,120.7994206,347.8
14.09352658,120.7998329,351.1
14.09473829,120.8014799,360.2
14.09494204,120.802099,363.4
14.09554789,120.8029225,367.8
14.09635642,120.8041584,373.5
14.09736761,120.8058066,378.1
14.09777403,120.806838,376.8
14.09838096,120.8078683,381.4
14.09858363,120.8082806,383.1
14.09879169,120.8097266,388.5
14.0991981,120.810758,396.2
14.09920241,120.8115849,402.2
14.09940831,120.8126174,405.7
14.09961313,120.8134432,409.2
14.09901374,120.81386,410.1
14.0984122,120.8138633,402.7
14.0980101,120.8136588,402.5
14.09660222,120.8128396,399.6
14.09579587,120.8120172,399.5
14.09378541,120.8109947,392.7
14.09318066,120.8103778,388.1
14.09217381,120.8095565,375.9
14.09076273,120.8081173,367.1
14.08995748,120.8075016,351.3
14.08874907,120.8064747,357.4
14.08814217,120.8054445,348
14.08713534,120.8046232,319.7
14.08632901,120.8038008,315.3
14.0855216,120.8027718,315.5
14.0845137,120.8017438,302.7
14.08310371,120.8005114,290.9
14.08270054,120.8001002,273.2
14.08169263,120.7990723,305.5
14.08108572,120.7980421,312.7
14.08007563,120.7966008,318.9
14.07946762,120.7953639,305.1
14.07906336,120.7947461,302.6
14.07845861,120.7941293,280.2
14.07704533,120.7922769,297.7
14.07664216,120.7918657,314.3
14.07563204,120.7904244,319.5
14.0748235,120.7891887,340.4
14.07421654,120.7881586,336.5
14.07381118,120.787334,318
14.07300262,120.7860983,320.4
14.07239675,120.7852749,319.1
14.07138548,120.7836269,308.9
14.0705747,120.7819778,284.1
14.07017261,120.7817734,283.6
14.06936402,120.7805377,287.2
14.06855321,120.7788885,273.5
14.06774349,120.7774461,253.7
14.06673105,120.7755914,245.6
14.0657208,120.7741501,230.7
14.06511264,120.7729133,213
14.06450448,120.7716764,201.1
14.06430065,120.7710574,199
14.0640957,120.7702317,194.6
14.06348863,120.7692015,195.5
14.06328367,120.7683758,183.9
14.0628782,120.7675512,178.1
14.06247273,120.7667266,174.4
14.06186564,120.7656965,171.5
14.06125853,120.7646663,168.9
14.06065366,120.7640496,168.2
14.06004766,120.7632261,163.6
14.05944165,120.7624026,158.8
14.05903615,120.761578,156.3
14.05843238,120.761168,150.1
14.05802912,120.7607569,149.8
14.05681931,120.7595234,155.2
14.05601389,120.7589078,155.3
14.05521185,120.7589124,147
14.0542093,120.7589181,138.3
14.05340838,120.7591294,141.8
14.05301188,120.7599586,147.6
14.05321577,120.7605777,148.2
14.05322479,120.7622315,168.9
14.05343092,120.7632639,172.7
14.05363705,120.7642964,165.8
14.05404481,120.7655344,176.9
14.05425316,120.7669803,187.1
14.054261,120.7684273,188
14.0546676,120.7694585,192.6
14.05487369,120.7704909,201.5
14.05488039,120.7717312,223
14.05508647,120.7727636,234.5
14.05549638,120.774415,270.5
14.05610789,120.7762719,322.2
14.05651333,120.7770964,320.4
14.05732198,120.7783321,335.5
14.05792791,120.7791555,364.9
14.05873654,120.7803911,407.7
14.06014555,120.7814167,346
14.06075256,120.7824468,364.3
14.06135846,120.7832702,410.2
14.06176276,120.783888,441.7
14.06297344,120.7853281,448.5
14.06337663,120.7857393,435.3
14.0643857,120.7869738,407.4
14.06519097,120.7875894,422.8
14.06599733,120.7884116,458.9
14.06740737,120.7896439,420.6
14.06821372,120.7904662,400.3
14.06922493,120.7921142,358
14.07043226,120.7929342,338.4
14.07083543,120.7933453,328.3
14.07184445,120.7945799,336.3
14.07264969,120.7951955,313.2
14.07386027,120.7966356,313.8
14.07466986,120.7980781,354.8
14.07548052,120.7997272,360.9
14.07649058,120.8011685,362.5
14.07709748,120.8021986,355.5
14.0777033,120.8030221,352.3
14.07851177,120.8042578,350.1
14.07931916,120.8052869,322.9
14.08012762,120.8065226,334.9
14.08174023,120.8081674,345.7
14.08254761,120.8091964,323.1
14.08335391,120.8100188,326.1
14.08516701,120.8116625,369.2
14.08577174,120.8122793,374.2
14.08657697,120.812895,382.2
14.08738435,120.8139241,395
14.0877875,120.8143353,391.7
14.08879538,120.8153634,391
14.08940012,120.8159802,390.5
14.09020643,120.8168027,405.6
14.09081116,120.8174195,414.7
14.09121753,120.8184509,420.1
14.09142233,120.8192767,423.5
14.09142769,120.8203103,426.7
14.09183406,120.8213417,431.3
14.09183942,120.8223753,438.5
14.09204421,120.8232011,446.9
14.0920517,120.8246481,459
14.09125182,120.8250659,454.6
14.0906503,120.8250692,448.9
14.08944513,120.8246623,435.4
14.0882389,120.8240487,435.2
14.08723211,120.8232273,443.1
14.08602482,120.8224071,446.1
14.08521961,120.8217913,445.5
14.08300662,120.8203564,419.1
14.08200199,120.8199485,379
14.08139728,120.8193317,372.9
14.07938482,120.8178957,405
14.07797599,120.81687,404.7
14.07696922,120.8160487,374.5
14.0753599,120.815024,427
14.0745504,120.8135815,403.2
14.07314265,120.8127625,394.2
14.07233638,120.8119402,388
14.07173274,120.8115301,396.4
14.07052441,120.8105033,414
14.06911126,120.8086508,437.8
14.06870704,120.808033,445.4
14.06769594,120.806385,464.5
14.06729171,120.8057672,467
14.06587853,120.8039148,495.7
14.0650679,120.8022657,509.5
14.06385518,120.8004122,541.5
14.06344876,120.799381,534.2
14.06284184,120.7983509,501.6
14.06142859,120.7964986,443.3
14.06061898,120.7950562,420.8
14.06001204,120.7940262,407.3
14.05920351,120.7927905,411.5
14.0575864,120.7903192,494.2
14.05697833,120.7890825,554.5
14.05617086,120.7880535,530.1
14.05515847,120.786199,483.9
14.05434766,120.7845499,501.6
14.05373733,120.7828998,459.9
14.05353462,120.7824875,462.8
14.0531292,120.781663,472.1
14.05272156,120.7804251,447.8
14.05251884,120.7800129,433.9
14.05210897,120.7783616,386.8
14.05190624,120.7779493,365.6
14.05129695,120.7765058,306.8
14.05088927,120.7752679,268.4
14.05068319,120.7742355,247.4
14.04967509,120.7732077,242.4
14.04926961,120.7723831,237.1
14.04846311,120.7715609,220.7
14.0480565,120.7705296,207.6
14.04764988,120.7694984,199.1
14.04724325,120.7684671,188.1
14.04663722,120.7676437,177.4
14.0462317,120.7668191,171.9
14.04562566,120.7659957,166.1
14.04522013,120.7651711,163.5
14.04461408,120.7643477,156.1
14.04400802,120.7635243,146.5
14.04340308,120.7629075,140
14.04259762,120.7622919,137.8
14.04179442,120.7620898,133.1
14.04099234,120.7620943,137.4
14.04039192,120.7623045,139.2
14.03939159,120.7627236,147.6
14.03899055,120.7627258,149
14.03798908,120.7629382,148
14.03678936,120.7635652,148.6
14.03659337,120.7643931,154
14.03659677,120.7650132,156.9
14.03660469,120.7664602,169.8
14.03701364,120.7679048,173.5
14.03721867,120.7687305,177.1
14.0376276,120.7701752,185.4
14.03783487,120.7714142,180.9
14.03803988,120.7722399,185.5
14.03844876,120.7736845,198.5
14.0388554,120.7747157,209.2
14.039467,120.7765725,233.5
14.04007412,120.7776026,240.4
14.0406868,120.7796661,268.2
14.04069125,120.7804929,279.3
14.04130611,120.7829697,336.5
14.04171156,120.7837942,357.9
14.04232083,120.7852376,417.7
14.04312838,120.7862665,459.9
14.04433914,120.7877066,491.4
14.04454185,120.7881188,494.2
14.04595308,120.7895577,538.4
14.04655569,120.789761,553.1
14.04776639,120.7912011,579.9
14.04897707,120.7926411,563.1
14.04998832,120.794289,515.7
14.05160433,120.7965535,479.7
14.05281494,120.7979935,491.9
14.0534197,120.7986102,514
14.05402554,120.7994336,535.4
14.05523395,120.8004603,552.9
14.05603919,120.8010759,552.7
14.05745241,120.8029282,503.7
14.05825872,120.8037505,528.2
14.05906503,120.8045727,539.1
14.06067763,120.8062173,496.3
14.06188706,120.8074507,467.4
14.06269443,120.8084797,470.1
14.06491278,120.8109477,443
14.06571797,120.8115634,438.4
14.06632483,120.8125935,430.4
14.06733266,120.8136214,430.7
14.06894627,120.8154728,449.3
14.0693494,120.815884,463.8
14.07035722,120.8169119,447
14.07055986,120.8173242,427.2
14.07156768,120.8183521,415.2
14.07217558,120.819589,473
14.07278134,120.8204125,487.6
14.07318661,120.8212371,500.9
14.07419442,120.8222651,486.6
14.07480017,120.8230886,473.3
14.07540593,120.8239121,449.6
14.07581012,120.82453,431.1
14.07641481,120.8251469,419.4
14.07702163,120.8261771,436.5
14.07762525,120.8265872,447
14.07863306,120.8276153,465.1
14.07903725,120.8282333,454.8
14.07984563,120.8294691,449.2
14.08065507,120.8309118,480.6
14.08106032,120.8317365,487.9
14.08126614,120.8327689,477.7
14.08106988,120.8335969,480.7
14.08107413,120.8344238,490
14.08107944,120.8354573,507.2
14.08068268,120.8362864,523.2
14.07988173,120.8364974,529.1
14.07908185,120.8369152,534.1
14.07827985,120.8369195,531.9
14.07767835,120.8369228,520.2
14.07587386,120.8369325,515
14.07467087,120.836939,519.1
14.07386676,120.8365299,530.9
14.072057,120.8355062,545.4
14.07105028,120.8346848,519.8
14.06964258,120.8338656,513.1
14.06803014,120.8322207,498.8
14.06742548,120.8316038,501.3
14.06581304,120.829959,525.7
14.06460265,120.8285187,524.1
14.06419954,120.8281075,525.3
14.06298914,120.8266672,518.8
14.0625839,120.8258426,534
14.06197816,120.8250191,546
14.06116873,120.8235767,560.5
14.06076348,120.8227522,561.9
14.05995511,120.8215164,559.3
14.05954986,120.8206919,570.1
14.05853991,120.8192506,549.2
14.05793415,120.8184272,541.2
14.05671942,120.8161603,537.2
14.0561115,120.8149235,525.8
14.05529771,120.8126545,564.3
14.05428879,120.8114199,575.6
14.05307505,120.8093598,593.6
14.05206502,120.8079186,613.7
14.05166078,120.8073008,612.8
14.05064857,120.8054463,611.6
14.05024325,120.8046218,593.5
14.04943367,120.8031795,563.1
14.04822199,120.8015328,544.8
14.04721188,120.8000916,538.5
14.04660603,120.7992683,530.2
14.04579749,120.7980327,533.3
14.04478734,120.7965915,546.3
14.04458465,120.7961793,549.5
14.04397986,120.7955626,564.6
14.04276808,120.7939159,567.6
14.04175897,120.7926815,534.4
14.04115197,120.7916514,498
14.04054495,120.7906214,450.9
14.03973521,120.7891792,454.1
14.03792069,120.7873291,399.4
14.0369126,120.7863014,370.6
14.03650936,120.7858902,356.3
14.03610169,120.7846524,349.7
14.03489194,120.7834191,336.8
14.03448757,120.7828013,329.5
14.0332778,120.7815679,290
14.03247126,120.7807457,288.5
14.0314642,120.7799246,239.4
14.03126144,120.7795123,220.9
14.03005271,120.7784856,194.7
14.02944666,120.7776623,181.5
14.02824014,120.777049,178.8
14.02743467,120.7764334,174.9
14.02683083,120.7760234,172.5
14.02602534,120.7754078,168
14.02522096,120.7749989,166.7
14.02441657,120.77459,167.3
14.02361331,120.7743879,164.7
14.02261063,120.7743935,161.2
14.02200901,120.7743968,160.7
14.02100632,120.7744024,162.9
14.02000699,120.7750281,165
14.01940875,120.7756515,163.7
14.01901217,120.7764805,165.7
14.01881726,120.777515,168.5
14.01882175,120.7783417,173.8
14.01862682,120.7793763,175.6
14.01823695,120.7814453,183.3
14.01804423,120.7828931,180.4
14.01804758,120.7835132,182.2
14.01825482,120.7847521,183.8
14.01825927,120.7855788,187.2
14.0186648,120.7864032,192.3
14.01886757,120.7868155,193.7
14.02008078,120.7886688,207
14.02048739,120.7896999,225
14.02149891,120.7913477,250.6
14.02210713,120.7925844,252.9
14.02291366,120.7934066,273.7
14.02312079,120.7946455,312.3
14.02433384,120.7964988,382.5
14.02574956,120.7987643,406.7
14.02615389,120.7993821,390.8
14.02695926,120.7999976,389.3
14.02756519,120.800821,379.6
14.02938076,120.8028776,491.1
14.03039095,120.8043187,516.4
14.03140221,120.8059665,451.5
14.03241344,120.8076142,494.9
14.03302038,120.8086442,545.4
14.03463419,120.8104954,548.8
14.03543946,120.8111109,540.5
14.03604529,120.8119343,546.4
14.03665005,120.8125509,583.5
14.03745423,120.8129598,584.1
14.03825841,120.8133687,551.3
14.04027206,120.815011,490.5
14.04127994,120.8160388,496
14.04188573,120.8168622,500.7
14.04289146,120.8174767,516.8
14.04409875,120.8182968,509.1
14.04550653,120.8191157,495.1
14.04651224,120.8197302,494.2
14.04772057,120.820757,511.4
14.04812264,120.8209615,496.1
14.04872733,120.8215782,476.5
14.04933202,120.8221949,466
14.05033877,120.8230161,496.3
14.05114501,120.8238384,517.1
14.05215175,120.8246597,521
14.05356267,120.8260987,531.7
14.05436996,120.8271278,548.3
14.05497463,120.8277445,578.9
14.05537774,120.8281557,597.7
14.05658707,120.8293893,613.4
14.05739329,120.8302116,626.5
14.0577964,120.8306228,617.9
14.05880417,120.8316508,606.8
14.05940988,120.8324743,580.6
14.06001349,120.8328844,559.3
14.0610223,120.8341191,552
14.06142752,120.8349437,580.1
14.06163223,120.8357694,601.3
14.06163434,120.8361828,602.3
14.06184115,120.837422,594.5
14.06184536,120.8382488,588.9
14.06165012,120.8392834,589.6
14.06125332,120.8401123,605.1
14.06085757,120.841148,621.9
14.06005872,120.8417725,627.9
14.05925882,120.8421902,625.3
14.05845786,120.8424013,626.6
14.05765691,120.8426123,622.1
14.05705541,120.8426156,619.3
14.05585031,120.8422087,620.9
14.05464312,120.8413884,620.3
14.05383902,120.8409794,605.5
14.05303388,120.8403636,592.2
14.05182563,120.8393367,583.8
14.05041793,120.8385176,561.6
14.04941018,120.8374896,491.4
14.04880552,120.8368728,497.9
14.04759726,120.8358459,487.1
14.0467921,120.8352302,509.1
14.04578433,120.8342023,553.4
14.04457079,120.832142,542
14.04396401,120.8311119,512.9
14.04295516,120.8298773,439.2
14.04214891,120.829055,403.6
14.04154212,120.8280249,433.7
14.04113899,120.8276137,444.2
14.04073375,120.8267892,462.9
14.03992749,120.8259669,463.2
14.03972274,120.8251413,451.4
14.03891541,120.8241124,451.7
14.03830858,120.8230823,412.4
14.03770174,120.8220522,445.7
14.0370949,120.8210222,463.6
14.03648911,120.8201988,429.2
14.03588438,120.8195821,412.2
14.03487543,120.8183477,425.5
14.03446906,120.8173165,435.8
14.03426642,120.8169043,434.9
14.03365739,120.8154609,442.5
14.03304942,120.8142243,467.8
14.03244573,120.8138142,477.4
14.03183989,120.8129909,474.2
14.03042553,120.810932,474
14.02941863,120.8101109,419.2
14.02881384,120.8094942,395.9
14.02800852,120.8088787,381.7
14.02740372,120.808262,396.3
14.02599573,120.8074431,363.5
14.02498986,120.8068287,388.7
14.02378346,120.8062154,357.9
14.02237434,120.8051899,325.6
14.02217164,120.8047776,317.5
14.02096519,120.8041643,301.9
14.01995817,120.8033432,281.1
14.0193533,120.8027266,263.1
14.01854898,120.8023177,260.7
14.01713976,120.8012922,252.3
14.01613378,120.8006778,240.1
14.01512888,120.80027,242
14.01412287,120.7996556,230.3
14.01331959,120.7994534,236.1
14.01231466,120.7990456,242.9
14.0113108,120.7988445,228.5
14.01070915,120.7988478,205.3
14.00990693,120.7988523,174.9
14.00830137,120.7986545,230.3
14.00750132,120.7990723,236.2
14.00730514,120.7999,242.8
14.00731169,120.80114,243.2
14.00731606,120.8019667,247.2
14.00772154,120.8027911,253.1
14.00812701,120.8036155,257.7
14.00994288,120.8056721,266.9
14.01055105,120.8069087,250.5
14.01196895,120.8095876,237.7
14.01237652,120.8108253,266.4
14.01298246,120.8116486,254.2
14.01379325,120.8132975,269.8
14.01460079,120.8143263,264
14.01520456,120.8147363,246.9
14.01600887,120.8151452,237.8
14.01782122,120.8165819,290.4
14.01862658,120.8171974,294.7
14.01923139,120.8178141,319.7
14.02003779,120.8186363,332.1
14.02104685,120.8198707,336.8
14.0214511,120.8204885,342.5
14.02245801,120.8213096,352.6
14.02347021,120.8231641,338.4
14.02447814,120.8241919,322.2
14.02508395,120.8250153,315.6
14.02589134,120.8260442,314.8
14.02730556,120.8281032,315.4
14.02811397,120.8293388,387.5
14.02972865,120.8313967,397.5
14.03053703,120.8326323,415.2
14.03215061,120.8344836,468.3
14.03315739,120.8353048,488.3
14.03396259,120.8359205,495.7
14.03597506,120.8373563,486
14.037787,120.8387932,444.1
14.03939527,120.8396112,449.7
14.03979733,120.8398157,458.6
14.04120404,120.8404281,467.2
14.04241022,120.8410416,474.8
14.04382004,120.8422741,484
14.04482674,120.8430954,493.6
14.04563085,120.8435044,497
14.04704065,120.844737,530
14.04764528,120.8453538,551.9
14.04805045,120.8461784,556.9
14.04926283,120.8480322,533.5
14.05007212,120.8494748,562.3
14.05068295,120.851332,567.5
14.05089173,120.8529846,562.4
14.0504938,120.8536069,575.3
14.04989434,120.8540236,567.7
14.04889282,120.8542357,563
14.04789026,120.8542411,567.4
14.04628616,120.8542498,565.5
14.04528051,120.8536351,536.5
14.04487743,120.8532238,519.7
14.04367126,120.8526102,511
14.04246303,120.8515832,482.5
14.04145531,120.8505551,469.3
14.04085067,120.8499383,463.2
14.04004242,120.8487024,458.7
14.0392352,120.8476733,476.1
14.03842901,120.8468509,498.2
14.03721971,120.8456172,510.5
14.03641247,120.8445881,483.3
14.03520314,120.8433546,463.5
14.03439485,120.8421188,444.7
14.03338603,120.8408842,409.1
14.03196991,120.8384117,469.5
14.03136315,120.8373815,466.9
14.03015271,120.8359414,464.6
14.02934749,120.8353257,469
14.02854018,120.8342968,458.8
14.0277339,120.8334745,449.5
14.02672603,120.8324466,431.1
14.0257213,120.8320388,437.1
14.0249129,120.8308031,400.1
14.02330341,120.8297786,416.8
14.02209497,120.8287519,400.8
14.02068597,120.8277263,391.1
14.01907325,120.8260818,373.7
14.01706363,120.8252662,352.7
14.01666044,120.8248551,348.9
14.01444812,120.8236273,335.9
14.01324165,120.8230139,328.9
14.01203624,120.8226072,324.3
14.01083186,120.8224072,316.1
14.01002964,120.8224117,319.7
14.00902686,120.8224172,299.8
14.00822462,120.8224217,281.2
14.00722287,120.8226339,264.2
14.00622217,120.8230527,264.2
14.00642695,120.8238783,287.2
14.00683335,120.8249094,302.5
14.00683756,120.8257361,317.5
14.00724605,120.8271805,332.7
14.00785298,120.8282105,331
14.00865732,120.8286194,337.4
14.00945956,120.828615,346.5
14.01025864,120.8279905,344.7
14.01085716,120.8273672,337.5
14.01185362,120.8261217,292.5
14.01204891,120.8250872,311.1
14.01243945,120.8230184,323.5
14.01263047,120.8211573,334.2
14.01262517,120.820124,330.6
14.01261666,120.8184707,317.8
14.01281296,120.8176429,317.7
14.01300924,120.8168151,314.6
14.01359805,120.8143319,300.3
14.0135884,120.8124719,248.4
14.01357873,120.810612,218.8
14.01357442,120.8097853,226.7
14.01396688,120.8081298,227.8
14.01436041,120.806681,209
14.01455879,120.8062665,225
14.01555392,120.8048143,269
14.01595174,120.8041921,274
14.01674739,120.8029477,267.1
14.01734357,120.8019111,261.7
14.01794083,120.8010811,246.9
14.01853699,120.8000444,240.8
14.0185359,120.7998377,243.3
14.01893041,120.7985955,255.7
14.01992652,120.79735,247.8
14.02052155,120.7961066,269.6
14.02111876,120.7952766,293.2
14.02171267,120.7938266,260.3
14.0219099,120.7932055,253
14.02270321,120.7915477,261.1
14.02309875,120.7905121,302.4
14.02389424,120.7892676,293.2
14.02429198,120.7886453,260.5
14.02488803,120.7876086,227.7
14.02528354,120.786573,219.7
14.02547852,120.7855385,215.2
14.02607566,120.7847085,218.2
14.02666945,120.7832584,212.1
14.02746488,120.7820138,203.5
14.02845858,120.7803548,201.5
14.02885516,120.7795258,201.7
14.02925173,120.7786968,196.1
14.02984659,120.7774533,181.2
14.03044256,120.7764165,179.9
14.03103853,120.7753797,175
14.03203777,120.774754,173.9
14.03323529,120.7737138,180.5
14.03423452,120.7730881,180.4
14.03543202,120.7720479,176.6
14.03623073,120.7714233,174.1
14.03762873,120.7703819,183.6
14.03802751,120.7699662,189.6
14.03922611,120.7691326,189.9
14.03962601,120.7689236,189.4
14.04122338,120.7676744,173.4
14.04282186,120.7666317,153.6
14.04342002,120.7660082,150.6
14.04442033,120.7655891,153.5
14.04581941,120.7647543,161.5
14.04721849,120.7639195,143.9
14.04761951,120.7639172,144.6
14.04862094,120.7637048,148.6
14.05002226,120.7632834,149.6
14.05102256,120.7628642,151.3
14.05222224,120.7622372,162.9
14.0536213,120.7614023,156.6
14.0542217,120.7611921,151.3
14.05521974,120.7603595,141.8
14.05622004,120.7599403,146.9
14.05722033,120.7595211,156.7
14.05822175,120.7593086,163.3
14.05902266,120.7590973,168.4
14.05962418,120.7590938,169.9
14.06102662,120.758879,170.6
14.06162814,120.7588756,170.3
14.06343272,120.7588652,172.2
14.06443526,120.7588594,174.4
14.06504014,120.7594762,177.8
14.06484188,120.7598908,178.2
14.06424484,120.7607212,177.9
14.06324679,120.7615539,180.4
14.06224762,120.7621798,178.4
14.06005102,120.7638463,161.7
14.05885135,120.7644733,166
14.05685525,120.7661385,173.1
14.05605771,120.76697,183.7
14.05386335,120.7690497,188.5
14.0530658,120.7698811,195.5
14.05246876,120.7707113,206.8
14.05167009,120.771336,216.4
14.05027214,120.7723775,231.7
14.04887418,120.7734189,247.2
14.04827601,120.7740424,261.4
14.04707744,120.774876,286.3
14.04627876,120.7755006,315.3
14.04488078,120.776542,374.4
14.0438827,120.7773745,367.5
14.04348391,120.7777901,366.9
14.04268856,120.7790348,362.2
14.04209037,120.7796582,323.9
14.04049297,120.7809074,285.6
14.03989588,120.7817375,301.1
14.03869837,120.7827777,333.5
14.03789965,120.7834022,348.5
14.03730144,120.7840256,369.2
14.03650271,120.7846502,361.8
14.03550347,120.7852758,314.6
14.03490636,120.7861059,273.6
14.03311499,120.7885961,335
14.03231844,120.789634,393
14.03112525,120.7915007,370.2
14.0305281,120.7923308,360
14.02913655,120.794612,379.7
14.02833995,120.7956498,432.7
14.02754772,120.7975143,458.2
14.02695162,120.798551,416.6
14.02615826,120.8002088,371.9
14.02516544,120.8020743,358.8
14.02457364,120.8039376,376.3
14.02397748,120.8049743,381.3
14.02278622,120.8072543,320.4
14.02239164,120.8084965,301.4
14.02219758,120.8097376,316
14.02180299,120.8109798,320.4
14.0214073,120.8120153,315.8
14.02041322,120.8136741,288.5
14.02021911,120.8149152,311.4
14.01922499,120.8165741,294.1
14.01862871,120.8176107,298.9
14.01823296,120.8186463,293
14.01763879,120.8200962,262.4
14.01684512,120.821754,325.5
14.01624985,120.8229973,358
14.01605458,120.8240317,349.1
14.01565772,120.8248606,348.5
14.01486292,120.8263117,349.4
14.01426654,120.8273484,306.2
14.01407229,120.8285895,334.6
14.01387699,120.8296239,364.9
14.01368062,120.8304517,363.9
14.01368585,120.8314851,369.5
14.01369002,120.8323117,376.8
14.01369524,120.8333451,379.3
14.01370044,120.8343785,375.7
14.01370564,120.8354118,383.9
14.01371083,120.8364452,384.8
14.01431352,120.8366486,391.5
14.01531315,120.836023,400.2
14.01611222,120.8353986,407.4
14.01731134,120.8345652,403.5
14.01810934,120.8337341,380.7
14.01870783,120.8331108,342.3
14.01990376,120.8316574,388
14.02190178,120.8301997,418
14.02309553,120.828333,397.3
14.0236908,120.8270897,356.9
14.02468396,120.8252241,299.7
14.02548184,120.824393,355.2
14.02667334,120.8221131,356.2
14.02706908,120.8210775,367.6
14.0278616,120.8192131,368
14.02845677,120.8179698,382.1
14.02904872,120.8161064,390.6
14.02964385,120.8148631,414.2
14.03023683,120.8132064,455
14.03063142,120.8119642,492
14.03102493,120.8105153,482.4
14.03162001,120.809272,486.7
14.03181189,120.8076176,474
14.03220319,120.8057553,463.8
14.03298572,120.8020309,523.5
14.03337695,120.8001686,526.6
14.03376925,120.798513,535.9
14.03416153,120.7968574,562.5
14.03494715,120.7937529,449.8
14.03534268,120.7927173,414
14.03633755,120.791265,346.3
14.03653365,120.7904372,330.7
14.0375285,120.7889848,365.1
14.03792621,120.7883625,378
14.03912154,120.7869091,410.5
14.03972086,120.7864923,403.3
14.04051958,120.7858678,416.8
14.04191871,120.7850332,396
14.04311622,120.783993,421.1
14.04391603,120.7835751,437.4
14.04451644,120.7833651,452.8
14.04551675,120.7829461,471.1
14.04751958,120.7825214,395.6
14.04912139,120.782099,391.8
14.05092369,120.7816755,435.7
14.05172348,120.7812576,442.1
14.05252327,120.7808396,454.4
14.05352356,120.7804206,450.2
14.05452385,120.7800015,405.4
14.05552524,120.7797892,372.5
14.0577252,120.7787432,350.9
14.05852498,120.7783253,322.8
14.06032615,120.7776949,292.1
14.06112482,120.7770703,275.4
14.0623245,120.7764433,259.5
14.06352417,120.7758164,242.1
14.06532423,120.7749793,241.4
14.06712319,120.7739354,225.7
14.06812237,120.7733096,217.6
14.06912154,120.7726837,210.5
14.06992133,120.7722657,214
14.07112101,120.7716386,220.9
14.07192081,120.7712206,221.6
14.07311939,120.7703868,219.3
14.07451626,120.7691384,204.3
14.07571485,120.7683046,138.3
14.07691345,120.7674707,181.9
14.07771215,120.7668459,202.8
14.07791376,120.7670515,207.9
14.07692009,120.7687111,175.3
14.07592753,120.7705774,160.1
14.07533155,120.7716145,216.2
14.07493497,120.7724437,225.5
14.0739413,120.7741032,227.6
14.07354582,120.7751391,231.6
14.07235496,120.7774199,242.6
14.07155958,120.7786647,251.3
14.07037091,120.7813588,277.2
14.07017481,120.7821868,290.5
14.06918332,120.7842595,337.3
14.06898502,120.7846741,349.3
14.06838902,120.785711,377.3
14.06779521,120.7871613,414.1
14.0666021,120.7890283,445
14.0656062,120.7902742,436.2
14.0644098,120.7915211,394.9
14.06301071,120.7923558,372.4
14.06161272,120.7933971,394.5
14.06101451,120.7940205,394.2
14.05941711,120.7952697,442.6
14.05781752,120.7961054,478.8
14.05661782,120.7967322,453.8
14.05581693,120.7969433,463.3
14.05421514,120.7973656,462.3
14.05241286,120.7977891,484.1
14.05141473,120.7986214,480.2
14.04921143,120.7990471,487.3
14.04801171,120.7996738,517.7
14.04721188,120.8000916,538.5
14.04621156,120.8005106,582.7
14.04541282,120.801135,628.2
14.04441249,120.801554,657.9
14.04361156,120.8017651,681.2
14.0422113,120.8023929,673
14.04141254,120.8030174,700.5
14.04081319,120.8034341,716.5
14.04041435,120.8038497,684.7
14.03981609,120.804473,644.5
14.03821961,120.8059286,641
14.03722464,120.8073809,647
14.03662743,120.8082109,608.9
14.03543516,120.8102842,557.1
14.03384182,120.8123598,499.7
14.03304835,120.8140176,471.8
14.03265161,120.8148465,462.9
14.03245537,120.8156743,450.2
14.03166506,120.817952,416.4
14.03127043,120.8191943,411.1
14.03067845,120.8210576,400.1
14.03028379,120.8222998,384.6
14.02988911,120.823542,362.9
14.02949548,120.8249909,380.1
14.02949971,120.8258176,384.9
14.02910394,120.8268532,337
14.0289108,120.828301,344.3
14.02891396,120.828921,381.5
14.02852027,120.8303699,396.8
14.02852447,120.8311966,390.2
14.028325,120.8314044,390.1
14.02813285,120.8330589,432.5
14.02733807,120.83451,455.5
14.02694536,120.8361657,440.8
14.02655159,120.8376146,441.6
14.02635833,120.8390625,442.8
14.02676354,120.839887,441.6
14.02756565,120.8398826,452.1
14.02876881,120.839876,455.5
14.02976625,120.8388371,463.7
14.03096522,120.8380038,465.7
14.03176523,120.837586,468.9
14.0331647,120.8367516,483.3
14.03376312,120.8361283,493.6
14.03455892,120.8348838,481.4
14.03595205,120.8328093,434.3
14.03694411,120.830737,459.6
14.03754038,120.8297003,431.3
14.03813558,120.8284569,380.7
14.03873183,120.8274203,422.1
14.03893023,120.8270058,431.3
14.03992219,120.8249335,454.1
14.04051629,120.8234835,456
14.04091199,120.8224479,421.4
14.04130769,120.8214123,424.5
14.04150393,120.8205845,437.4
14.0426963,120.8185112,484.6
14.04309196,120.8174756,518.6
14.04408485,120.81561,530.5
14.0448815,120.8145722,545.6
14.04587649,120.8131199,507.4
14.04647369,120.8122899,520.8
14.04666989,120.8114621,540.5
14.04706659,120.8106332,561.3
14.04886138,120.8087631,560.2
14.04945964,120.8081397,574.9
14.0508588,120.8073052,602.2
14.05165754,120.8066808,606.3
14.05245628,120.8060563,546.4
14.05425533,120.8050129,493.3
14.05505515,120.804595,515.1
14.05605437,120.8039694,515.4
14.05685418,120.8035516,498.4
14.05765399,120.8031338,506.3
14.05925469,120.8025048,542.4
14.059854,120.8020881,538.7
14.0614536,120.8012524,560
14.06285271,120.8004178,546.1
14.06445014,120.7991687,541
14.06564983,120.7985419,489.5
14.06664903,120.7979162,452.3
14.06744883,120.7974984,426.6
14.06884684,120.796457,360.4
14.06964555,120.7958325,316.4
14.07144128,120.7941687,347.7
14.07323919,120.7929184,320
14.07403789,120.7922938,336
14.07543482,120.7910457,325.7
14.07623462,120.7906277,310.5
14.07742995,120.789174,289.3
14.07802817,120.7885505,287.7
14.07902629,120.787718,243.5
14.07942291,120.7868888,224.2
14.08061716,120.7852283,225.7
14.08141369,120.7841902,226.8
14.08181141,120.7835678,230.4
14.08261013,120.782943,224.4
14.08380767,120.7819026,204
14.08420758,120.7816936,222.4
14.08441136,120.7823126,224.3
14.08522213,120.7839618,250.1
14.0852265,120.7847887,237.3
14.08523087,120.7856156,228.9
14.08523306,120.786029,232.4
14.08444196,120.7881008,260.5
14.08405187,120.7901702,261.9
14.08365522,120.7909993,256.9
14.08266253,120.7928654,260.2
14.08146607,120.7941124,302.3
14.08006802,120.7951538,294.7
14.0792693,120.7957785,312.1
14.07807067,120.796612,333.7
14.07727194,120.7972366,337.6
14.07507519,120.7989026,359.3
14.07407706,120.799735,371.3
14.07227913,120.8009853,402.3
14.07107942,120.8016121,422.3
14.07028178,120.8024433,440.6
14.06948306,120.8030679,469.6
14.06728631,120.8047337,480.1
14.06588719,120.8055683,475.9
14.06448914,120.8066095,515.7
14.06409032,120.8070251,525.6
14.06269227,120.8080663,480.3
14.06169412,120.8088986,446.1
14.06089431,120.8093165,448.5
14.06009665,120.8101476,476.5
14.0594984,120.810771,501.6
14.05810248,120.8122256,526.8
14.05730695,120.8134701,556.7
14.05670869,120.8140935,549.3
14.05571158,120.8151324,532.7
14.05511332,120.8157558,565.5
14.05431669,120.8167936,560.5
14.05371948,120.8176237,532.9
14.05312548,120.8190737,517.1
14.05232883,120.8201116,523.7
14.05173267,120.8211483,518.2
14.05133381,120.8215638,508
14.0505382,120.8228083,495.4
14.04954315,120.8242606,497.9
14.0483497,120.8261273,469.7
14.047553,120.8271651,466.7
14.04615794,120.8288263,454.4
14.04456341,120.8306952,499.6
14.04356615,120.8317341,529.4
14.04237363,120.8338075,528.6
14.04118211,120.8360876,490
14.04058477,120.8369177,477.5
14.04018793,120.8377466,460.8
14.03979003,120.8383689,448.7
14.03919476,120.8396123,447.8
14.03839895,120.8408568,444
14.03760313,120.8421013,461
14.03680729,120.8433458,470.8
14.03601453,120.8452104,478.6
14.03561659,120.8458327,496.5
14.03462121,120.847285,463.6
14.03402377,120.8481151,438.6
14.03422944,120.8491475,456
14.03503461,120.8497632,476.2
14.03603721,120.8497577,466.7
14.03663878,120.8497545,467.2
14.0382419,120.849539,459
14.03944397,120.8493258,457.6
14.04004346,120.8489091,457.1
14.04104087,120.8478702,475.5
14.04203723,120.8466245,503.5
14.0430315,120.8449655,527
14.0432289,120.8443443,520.6
14.04362577,120.8435153,506.3
14.04442156,120.8422708,489.4
14.04481841,120.8414418,477.3
14.04521421,120.8404062,484.2
14.0464089,120.8387461,517.4
14.0476025,120.8368793,488.4
14.04879608,120.8350126,515.9
14.05039063,120.8331436,505.5
14.05078847,120.8325214,508.8
14.05138469,120.8314846,542.4
14.05217824,120.8298268,550.8
14.05257395,120.8287911,543.2
14.05436996,120.8271278,548.3
14.05516664,120.8260899,564
14.05676211,120.8244277,561.5
14.05735934,120.8235976,553.2
14.05875108,120.8213164,575.3
14.05934936,120.820693,574.6
14.05994551,120.8196563,541.1
14.06054271,120.8188262,501
14.06234073,120.8175761,508.3
14.06433816,120.8161183,476.2
14.06613401,120.8144548,465.5
14.0671311,120.8134158,428.5
14.06833083,120.8127891,449.4
14.0695284,120.811749,446
14.0701288,120.811539,424.4
14.07152902,120.8109111,410.1
14.07252826,120.8102855,386.2
14.07372583,120.8092453,431
14.07452564,120.8088275,428.4
14.07592371,120.8077862,396.1
14.07692402,120.8073673,382.3
14.0785215,120.8061181,348.6
14.08051889,120.8046601,313.2
14.0825217,120.8042355,347.4
14.08392194,120.8036075,338.3
14.08452127,120.8031908,324.7
14.08512061,120.802774,309.7
14.08612202,120.8025617,312.9
14.08732503,120.802555,313.8
14.08792869,120.802965,330
14.08873287,120.803374,346.3
14.0897397,120.8041953,359.9
14.08994345,120.8048143,363.2
14.08974511,120.8052288,363.9
14.08874799,120.806268,358.4
14.08835131,120.8070971,342.4
14.08775519,120.808134,338.9
14.08755685,120.8085485,345.2
14.08635924,120.8095887,364.8
14.08496113,120.8106301,372.4
14.08416236,120.8112546,364.9
14.08256376,120.812297,347.9
14.0819655,120.8129205,373.1
14.08076682,120.8137539,400.3
14.07896773,120.8147974,368.2
14.07736914,120.8158398,369.6
14.07636988,120.8164654,377.2
14.07497071,120.8172999,389.4
14.07357261,120.8183411,418.4
14.07237608,120.8195879,469.6
14.07097369,120.8198023,502.2
14.06937402,120.8206379,480.3
14.06777542,120.8216802,468
14.06637837,120.8229281,481
14.06458139,120.8243848,543.1
14.0639831,120.8250082,541.9
14.06218503,120.8262582,527.5
14.06178829,120.8270872,531.9
14.06079325,120.8285395,553.4
14.05919458,120.8295817,574.7
14.05859733,120.8304118,599.5
14.05799901,120.8310351,615.2
14.05680237,120.8322818,597.2
14.05640454,120.8329041,602
14.05541048,120.8345631,559.9
14.05501054,120.834772,548.9
14.05421591,120.8362232,553.7
14.05342021,120.8374677,549.1
14.0528229,120.8382978,551
14.05202718,120.8395423,582.7
14.05083253,120.8412024,523.2
14.05023415,120.8418258,509.5
14.0496389,120.8430692,533.1
14.04884208,120.8441071,505.7
14.04824577,120.8451438,532.7
14.04784995,120.8461795,555.7
14.04725257,120.8470096,527.8
14.04685674,120.8480453,506.2
14.04626038,120.8490821,531.2
14.04586349,120.8499111,546.4
14.04526712,120.8509479,505.8
14.04586969,120.8511513,500.3
14.04647122,120.851148,510.2
14.04767015,120.8503147,554.6
14.04806703,120.8494857,550.3
14.04906336,120.84824,526.9
14.0502581,120.8465799,542.1
14.05085546,120.8457498,522.5
14.05145281,120.8449197,541
14.05264437,120.8426395,573.4
14.05363957,120.8411872,597.3
14.05423374,120.839737,589.4
14.05443005,120.8389091,589
14.05522366,120.8372512,573.3
14.05582095,120.8364212,587.4
14.05621879,120.8357989,600.5
14.05701552,120.8347611,590.7
14.0578133,120.8339299,610.2
14.059412,120.8328877,577.7
14.06101068,120.8318455,547
14.06320979,120.8305933,518.6
14.06400965,120.8301755,520.5
14.06560936,120.82934,522.3
14.06661078,120.8291278,512.9
14.06821049,120.8282923,497.6
14.06920977,120.8276667,516.1
14.07020905,120.8270411,513.6
14.07100784,120.8264167,497.3
14.07320795,120.8253711,450.4
14.07500601,120.824121,448.2
14.07740448,120.8226609,451.7
14.07960459,120.8216153,459
14.08140478,120.8207786,382.3
14.08320498,120.8199419,428.3
14.08400376,120.8193174,438.9
14.08580397,120.8184806,422.6
14.08740261,120.8174382,410
14.08799982,120.8166081,406.6
14.08900018,120.8161891,390.4
14.08979897,120.8155646,397.5
14.09159706,120.8143143,401
14.09219535,120.8136909,399.1
14.09299415,120.8130663,399.4
14.09479117,120.8116093,398.3
14.09598884,120.810569,398.2
14.09598561,120.8099488,395.6
14.0955792,120.8089174,389.9
14.09517387,120.8080928,384.3
14.09497013,120.8074737,381.7
14.09476422,120.8064412,373.9
14.09395572,120.8052054,367.8
14.09355146,120.8045875,367.3
14.09334555,120.803555,360.5
14.09294021,120.8027303,350.9
14.09253379,120.801699,349.2
14.09192794,120.8008755,345.8
14.09152369,120.8002576,340.5
14.09071409,120.798815,336.7
14.09010824,120.7979915,328
14.08930297,120.7973759,325.1
14.08829937,120.7971748,333.5
14.08749627,120.7969726,337.7
14.08689151,120.7963558,336.9
14.08648725,120.7957379,332.8
14.08568199,120.7951223,326.6
14.08507505,120.7940921,320.2
14.0846697,120.7932675,316
14.08426544,120.7926496,313.9
14.08386226,120.7922385,303.4
14.08285541,120.7914173,254.6
14.08245332,120.7912128,247.3
14.08124596,120.7903928,281.4
14.0804396,120.7895704,260.1
14.07943384,120.788956,242.8
14.07883125,120.7887527,260.9
14.07802708,120.7883438,290.2
14.07641873,120.787526,309.5
14.07481147,120.7869149,306.3
14.07280431,120.7865129,327.6
14.07059667,120.7861119,370
14.06878891,120.785502,373.5
14.06698116,120.7848921,347.2
14.06577598,120.7844855,368.8
14.06457191,120.7842856,408.9
14.06336453,120.7834656,392.5
14.06296244,120.7832611,396.7
14.06175615,120.7826478,389
14.06074925,120.7818267,338.9
14.06054765,120.7816211,335.7
14.05954296,120.7812134,378.5
14.05833444,120.7801867,407.3
14.05753134,120.7799846,406
14.05612231,120.778959,351.6
14.05531809,120.7785501,384
14.05391015,120.7777313,426.5
14.05230058,120.7767068,345.4
14.05109311,120.7758869,285.5
14.04968513,120.775068,259.9
14.04867926,120.7744536,264.7
14.04727236,120.7738414,251.9
14.04566495,120.7732304,255.5
14.04466017,120.7728226,265.5
14.04305384,120.7724183,224.9
14.04164802,120.7720128,194.4
14.04084484,120.7718106,203.9
14.03964064,120.7716107,192.8
14.03883633,120.7712019,186.4
14.03743158,120.7710031,178.9
14.03662839,120.7708009,173
14.03542302,120.7703943,169.4
14.03461981,120.7701921,169
14.03361607,120.7699911,167.3
14.03261232,120.76979,163
14.03180797,120.7693811,160
14.0308042,120.7691801,156
14.03000209,120.7691846,156
14.02899945,120.7691902,153.3
14.0279968,120.7691958,149.7
14.02699414,120.7692015,146.9
14.02619314,120.7694127,147.4
14.02519386,120.7700384,150.2
14.02499673,120.7706596,153.7
14.02520292,120.7716919,155.1
14.02621461,120.7733398,162
14.02702124,120.7741621,161.9
14.0274268,120.7749866,165
14.02803288,120.77581,172.5
14.02883836,120.7764255,174.6
14.030046,120.7772455,181.8
14.03085145,120.7778611,188.2
14.03306613,120.7795022,238.2
14.03568177,120.7811411,257.3
14.0368882,120.7817544,278.8
14.03910161,120.7831888,326.5
14.04071012,120.7840065,361.5
14.04231972,120.7850309,415.5
14.04312396,120.7854398,453
14.04372879,120.7860565,478.2
14.04553775,120.7868731,452.7
14.04774879,120.7878941,515.7
14.0485519,120.7880963,520.9
14.049355,120.7882985,517.8
14.05035971,120.7887063,537.9
14.0511639,120.7891151,582.9
14.05216859,120.7895229,585.1
14.05317548,120.790344,551.5
14.05478494,120.7913684,491.2
14.05579071,120.7919829,456.7
14.05780223,120.7932118,423.2
14.05981373,120.7944407,415.6
14.06061789,120.7948495,416.4
14.06182304,120.7952562,394
14.06302927,120.7958695,412.2
14.06483807,120.7966862,420.8
14.06644637,120.797504,418.1
14.0672516,120.7981196,455.9
14.06906038,120.7989362,440
14.07127341,120.8003708,412.2
14.07227696,120.8005719,397.7
14.0730811,120.8009808,395.2
14.07388416,120.801183,386.5
14.07488771,120.8013841,373
14.07649383,120.8017886,362.5
14.07789946,120.8021941,352.8
14.07830262,120.8026053,349.8
14.07950884,120.8032187,322.1
14.08091664,120.8040377,309.1
14.08172079,120.8044467,335.4
14.08272652,120.8050612,350.6
14.08333125,120.805678,334.9
14.08413649,120.8062936,323
14.08474338,120.8073238,353.2
14.08534811,120.8079406,367.2
14.08595608,120.8091775,373.2
14.08596147,120.8102111,370.7
14.08496113,120.8106301,372.4
14.08395864,120.8106356,354.9
14.08175316,120.8106478,364.7
14.08034861,120.8104489,361.3
14.07673323,120.8092287,398.1
14.07291846,120.8082163,437.8
14.06950469,120.8072017,451.4
14.06789859,120.8067973,460.6
14.06649191,120.806185,472.7
14.06468531,120.8057816,491.9
14.06227508,120.8049683,519.5
14.06006316,120.8037404,521.7
14.05825547,120.8031304,528.6
14.05684985,120.8027249,511.6
14.05524372,120.8023204,542
14.05323443,120.8015049,541
14.05263294,120.8015082,531.7
14.05162828,120.8011004,529.8
14.05042204,120.8004871,519.2
14.04881479,120.799876,504.4
14.04700812,120.7994727,528.6
14.04620503,120.7992705,537.6
14.04479716,120.7984516,554
14.04318877,120.7976339,559.3
14.04138096,120.7970239,535.5
14.03957422,120.7966206,571.1
14.03836898,120.796214,516
14.0365622,120.7958107,468.6
14.03495592,120.7954063,482.8
14.03254536,120.794593,463.9
14.03134007,120.7941864,451.9
14.03033748,120.7941919,425.4
14.02873002,120.7935809,354.8
14.02772631,120.7933798,343.2
14.02712363,120.7931765,332.9
14.02551613,120.7925654,291.8
14.02471182,120.7921565,280.4
14.02370807,120.7919554,269.3
14.02290484,120.7917532,258.5
14.02169944,120.7913466,253.7
14.02069456,120.7909388,241.5
14.01969188,120.7909444,228.1
14.01888752,120.7905355,224.9
14.01768317,120.7903356,225.8
14.01647992,120.7903422,226.4
14.01567885,120.7905534,219
14.01507721,120.7905567,208.3
14.01387503,120.7907701,188.1
14.01287339,120.7909823,193.5
14.01187395,120.7916079,203.6
14.0112745,120.7920246,205.6
14.01047891,120.793269,207.6
14.01048553,120.794509,185.7
14.01169655,120.795949,208.7
14.01371084,120.7975912,224.9
14.0155256,120.7994411,232.1
14.0161316,120.8002644,237
14.01714085,120.8014988,255
14.01895332,120.8029355,270.1
14.01975764,120.8033443,280.9
14.02156787,120.8043677,308.9
14.02377696,120.8049754,373.9
14.02498012,120.8049687,405.7
14.02658973,120.8059932,398.8
14.02819716,120.8066043,435.1
14.02960404,120.8072165,417.5
14.03020668,120.8074198,425.8
14.03221508,120.8080287,496.1
14.03382136,120.8084331,574.6
14.0352271,120.8088387,589.4
14.03683334,120.8092431,597.6
14.03904108,120.8096442,580.1
14.04064729,120.8100487,544.4
14.0410483,120.8100465,542.4
14.04325599,120.8104476,551.8
14.04506374,120.8110576,525
14.04707197,120.8116666,547.7
14.04847654,120.8118655,536.1
14.0492796,120.8120677,514.6
14.05088573,120.8124722,543.4
14.05269342,120.8130822,590.5
14.05349648,120.8132845,586.4
14.05510366,120.8138957,544.6
14.05691562,120.8153325,523.7
14.05812073,120.8157392,515.2
14.05892485,120.8161481,512.4
14.06013102,120.8167616,506.7
14.06314377,120.8177784,497.1
14.06515191,120.8183874,479.2
14.06675906,120.8189987,465.4
14.06776259,120.8191999,471.4
14.06876613,120.8194011,470.5
14.07077534,120.8202168,505.5
14.07278562,120.8212393,501.9
14.07378916,120.8214405,500.4
14.07479483,120.8220551,487.3
14.07599994,120.8224619,466.9
14.07780654,120.8228654,445.1
14.07961314,120.823269,405.7
14.08101983,120.8238814,400.1
14.08262702,120.8244928,444.6
14.08443579,120.8253098,459.9
14.08444112,120.8263434,460.9
14.08444539,120.8271702,462.8
14.08364552,120.827588,466.7
14.08304722,120.8282114,464.4
14.08244892,120.8288348,462.9
14.08225481,120.8300762,470
14.08185594,120.8304918,474.1
14.08045564,120.8311196,482.9
14.0794542,120.8313317,489
14.07805284,120.8317528,489.8
14.07725191,120.8319638,484.3
14.07624942,120.8319693,481.9
14.07404396,120.8319813,470.8
14.07243893,120.8317833,478.7
14.07083284,120.8313786,480.8
14.07002874,120.8309695,490.8
14.06902414,120.8305616,504.1
14.06801848,120.829947,510.7
14.06640922,120.8289222,511.7
14.06439791,120.827693,520.1
14.06339119,120.8268717,521.4
14.06218503,120.8262582,527.5
14.06137987,120.8256425,536.1
14.06037421,120.8250279,537.2
14.05896755,120.8244156,545.9
14.05675679,120.8233942,560
14.05575112,120.8227797,579.7
14.05454602,120.8223729,576.8
14.05334091,120.8219662,556.7
14.05213473,120.8213527,530.6
14.05093068,120.8211527,497.9
14.04992606,120.8207448,478.2
14.0485215,120.8205459,490
14.04651331,120.8199369,493.2
14.04490716,120.8195324,503.5
14.04309944,120.8189223,488.5
14.04209692,120.8189278,471.1
14.03988816,120.81832,464.4
14.03808252,120.8181233,459.5
14.03567214,120.8173099,448.1
14.03426748,120.817111,433.5
14.03205862,120.8165031,434.2
14.030655,120.8165109,441.4
14.02904765,120.8158998,391.4
14.02764186,120.8154942,396.3
14.02683763,120.8150853,402.7
14.02503183,120.8148886,353.1
14.023626,120.814483,321.4
14.02242176,120.814283,301.2
14.02181802,120.813873,298.7
14.02061375,120.813673,291.2
14.01981054,120.8134708,281.9
14.01840464,120.8130653,274.7
14.01780196,120.8128619,270.3
14.01679818,120.8126608,270.9
14.01559386,120.8124608,261.1
14.01439059,120.8124675,222
14.0135884,120.8124719,248.4
14.01238511,120.8124786,293.4
14.01178346,120.8124819,297.1
14.01057908,120.8122819,289.7
14.0095763,120.8122875,281.2
14.00877622,120.8127052,286.5
14.00817669,120.8131219,296.5
14.00737767,120.8137463,303.5
14.00697975,120.8143685,308.3
14.00698296,120.8149885,315.2
14.00738623,120.8153996,322
14.00859386,120.8162196,301.4
14.00899818,120.8168373,298.2
14.00960305,120.817454,303.1
14.0108117,120.8184806,312.3
14.01141442,120.818684,313.5
14.01262092,120.8192973,320.7
14.01463065,120.8201129,330.5
14.01643979,120.8209295,309
14.01744674,120.8217507,313.1
14.01885475,120.8225696,300.4
14.01925583,120.8225674,284
14.02046328,120.8233874,283.6
14.02186913,120.823793,289.1
14.02327391,120.8239919,293.8
14.02407814,120.8244008,300.7
14.02488131,120.824603,323.2
14.02688869,120.8250053,384.6
14.02829447,120.8254109,390.1
14.02909867,120.8258198,383.7
14.03050336,120.8260188,371.6
14.03231014,120.8264222,354.4
14.03331378,120.8266233,351.6
14.03532103,120.8270256,356.1
14.03672568,120.8272246,376.4
14.03813136,120.8276302,404.4
14.03933442,120.8276236,423.6
14.04154212,120.8280249,433.7
14.04394818,120.8280117,409.9
14.04555432,120.8284162,432.6
14.04776196,120.8288175,460.5
14.05057002,120.8290088,513.5
14.05157357,120.82921,536.5
14.05297706,120.8292023,558.3
14.05438055,120.8291946,578.2
14.05658602,120.8291826,613.2
14.05879147,120.8291705,585.6
14.06059699,120.8293673,547
14.06159947,120.8293619,538.3
14.06360548,120.8295576,525.7
14.0652105,120.8297556,524.8
14.06701707,120.8301591,520.9
14.06882365,120.8305627,506.1
14.06942725,120.8309728,499.6
14.0700298,120.8311762,489.3
14.07143645,120.8317887,479.2
14.07224479,120.8330246,489.5
14.07184698,120.8336469,499
14.07104711,120.8340646,507.9
14.06984942,120.8351047,522.7
14.06864961,120.8357313,545.5
14.06744874,120.8361513,563.7
14.06584688,120.8365734,563
14.06484545,120.8367855,569
14.06284048,120.8367964,591.2
14.06023402,120.8368106,602
14.05702605,120.836828,614.3
14.05502106,120.8368389,567.5
14.05321656,120.8368487,535.5
14.05181305,120.8368564,509.9
14.04860397,120.8366672,503
14.04639529,120.8360592,502.1
14.04358506,120.8354544,504.2
14.0417784,120.8350509,504
14.04097427,120.8346419,520.4
14.04017118,120.8344397,517.4
14.03815873,120.8330039,461
14.03654939,120.8319793,445.8
14.03494318,120.8315747,431.4
14.03273645,120.8313802,415
14.03173386,120.8313857,410.1
14.03052969,120.8311856,404.9
14.02872289,120.8307822,390.8
14.0279187,120.8303732,388
14.0271145,120.8299643,377.9
14.02530766,120.8295609,358.6
14.02390186,120.8291553,394.8
14.02289815,120.8289541,408.9
14.02089071,120.8285519,392.3
14.02008752,120.8283496,380.3
14.01868165,120.827944,369.4
14.01767579,120.8273295,365.3
14.01707206,120.8269195,363.3
14.01626779,120.8265106,361.9
14.015663,120.8258939,357.2
14.0144534,120.8246606,343.1
14.01485026,120.8238317,339.8
14.01524924,120.8234162,346.5
14.01624667,120.8223773,350.9
14.0170446,120.8215462,313.5
14.01804199,120.8205073,270.7
14.01844201,120.8202985,282.4
14.0194447,120.8202929,305.4
14.02104579,120.8196641,337.8
14.02304578,120.8186197,322.6
14.0248452,120.8175764,357.9
14.02564517,120.8171586,359.9
14.02724616,120.8165297,371.7
14.02904765,120.8158998,391.4
14.0300481,120.8154809,431.1
14.03084803,120.8150631,454
14.03204792,120.8144365,467.2
14.03424606,120.8129776,502.2
14.03644524,120.8117254,566.3
14.03724513,120.8113076,598.6
14.03824444,120.810682,581.5
14.03904432,120.8102643,567
14.03984419,120.8098465,568.5
14.04084348,120.8092209,546.7
14.0424378,120.807352,590.7
14.04403534,120.806103,570.8
14.04443526,120.8058941,571.8
14.0452351,120.8054763,581.1
14.04663319,120.8044352,645.3
14.04803343,120.8038073,630
14.05023349,120.8027617,534.8
14.05123163,120.8019294,523
14.05223086,120.8013038,531.2
14.05322899,120.8004715,545.3
14.05442871,120.7998447,547.2
14.05542574,120.7988057,515.7
14.05662327,120.7977656,482.9
14.05862059,120.7963076,484.2
14.05981919,120.7954741,440.6
14.06061789,120.7948495,416.4
14.06161709,120.7942239,381.8
14.06301508,120.7931825,387.4
14.06461357,120.7921401,373.8
14.06581107,120.7910998,408.7
14.06641037,120.7906831,405.7
14.06801104,120.7900539,412.6
14.07020992,120.7888013,380.4
14.07100861,120.7881767,363.3
14.07200671,120.7873442,339.5
14.07280541,120.7867196,328.7
14.07340361,120.786096,313
14.07420122,120.7852647,293.8
14.07459892,120.7846423,287.4
14.07499663,120.7840199,283.1
14.07539543,120.7836042,276.7
14.07559154,120.7827762,266.4
14.07638804,120.7817381,251.3
14.07718345,120.7804932,258.1
14.07738066,120.7798719,257.1
14.07777506,120.7786293,242.1
14.07797006,120.7775946,227.6
14.07816616,120.7767666,206.6
14.07776186,120.7761487,205.9
14.07655554,120.7755354,239.7
14.07534923,120.7749221,232.3
14.07354251,120.774519,230.5
14.07113208,120.7737058,226.7
14.06952476,120.7730948,213.6
14.06831843,120.7724816,211
14.06791743,120.7724838,212.4
14.06711432,120.7722817,211.9
14.0659091,120.7718751,203.3
14.06430176,120.7712641,200.1
14.06329814,120.7710631,204.4
14.06289714,120.7710654,202.6
14.0618924,120.7706577,196.2
14.0608899,120.7706634,199.1
14.05868103,120.7700558,193.6
14.0578779,120.7698537,194.6
14.05687427,120.7696527,201.2
14.05426212,120.768634,188.4
14.05265696,120.7684364,188.4
14.05085128,120.7682399,193.7
14.04904558,120.7680435,191.1
14.04844406,120.7680469,196.3
14.04764202,120.7680514,190.4
14.04623733,120.7678527,177.4
14.04483375,120.7678606,165
14.04383006,120.7676596,159.9
14.04302801,120.7676641,159.4
14.04162441,120.7676721,171
14.04122338,120.7676744,173.4
14.03981977,120.7676823,180.4
14.03861666,120.7676891,182.2
14.03721303,120.767697,174.8
14.03621043,120.7677027,169.5
14.03500617,120.7675027,162
14.03420408,120.7675073,157.2
14.03259989,120.7675163,150.8
14.03199831,120.7675197,150.2
14.03099568,120.7675253,148.6
14.03039409,120.7675287,149.3
14.02939258,120.7677411,151.2
14.02838993,120.7677467,149
14.02759007,120.7681646,149.3
14.02719241,120.7687869,147.8
14.0263948,120.7696182,148.9
14.02579773,120.7704484,153.5
14.02519952,120.7710718,154.8
14.02500351,120.7718997,156.4
14.02501254,120.7735532,166.7
14.0256209,120.77479,165.8
14.02602871,120.7760279,171.8
14.02703473,120.7766423,176.4
14.02964831,120.7778678,184.8
14.0324601,120.7786788,210.1
14.03406761,120.7792899,229.2
14.03607612,120.7798987,232.3
14.03687929,120.7801009,248.1
14.03768246,120.7803031,282.9
14.03888665,120.780503,307.3
14.03989144,120.7809107,287
14.04129723,120.7813162,301.2
14.04250028,120.7813095,341.3
14.04410434,120.7813005,400.6
14.04551121,120.7819126,468.3
14.0491236,120.7825124,403.1
14.05173344,120.7831178,500.4
14.05313915,120.7835233,486.6
14.05514524,120.7837187,485.3
14.05735513,120.784533,414.1
14.0599671,120.7855518,488
14.06338102,120.7865661,429.2
14.06619892,120.7886172,455
14.06800776,120.7894338,410.4
14.06881302,120.7900494,405.3
14.07082561,120.791485,369.7
14.07143037,120.7921018,348.3
14.07344295,120.7935374,307
14.0742482,120.794153,283.2
14.07485295,120.7947697,265.3
14.07606136,120.7957965,292
14.07706601,120.7962043,313.8
14.07747244,120.7972355,339.4
14.07606897,120.7972434,330.5
14.07406077,120.7966345,317.5
14.07145108,120.796029,300.5
14.06843932,120.7952191,332.6
14.06683319,120.7948147,345.1
14.06522706,120.7944103,368.7
14.06362093,120.7940059,370.4
14.05980499,120.7927871,403.8
14.05799725,120.7921772,430.6
14.0563911,120.7917728,456.9
14.05478384,120.7911617,497.1
14.05317877,120.7909641,532.3
14.05197359,120.7905574,555.8
14.0507684,120.7901508,571.8
14.0489617,120.7897476,597.1
14.04635078,120.7889354,514.4
14.04354153,120.7885378,508.5
14.04153316,120.787929,464.9
14.04052842,120.7875212,432.3
14.03852001,120.7869124,408.4
14.03751635,120.7867114,396.2
14.03550569,120.7856892,301.9
14.03409986,120.7852837,261.2
14.03269514,120.7850848,248.7
14.0314898,120.7846782,241.3
14.03068661,120.784476,241.6
14.02928073,120.7840705,241.1
14.02847864,120.784075,244.1
14.02767543,120.7838728,232.8
14.02687221,120.7836706,217.9
14.02546628,120.7832651,205.3
14.02426087,120.7828585,198.8
14.02345874,120.7828629,194.7
14.0226555,120.7826607,190.2
14.02125063,120.7824619,190
14.02064902,120.7824652,187.7
14.01964633,120.7824708,182.3
14.01864362,120.7824764,180.5
14.01824589,120.7830987,181.3
14.01825147,120.7841321,182.3
14.01825482,120.7847521,183.8
14.01866035,120.7855765,185.8
14.02007191,120.7870154,194.8
14.02087738,120.787631,202.5
14.02228556,120.7884498,228.7
14.02349318,120.7892698,287.9
14.02510184,120.7900876,310
14.02791471,120.7911053,340.3
14.02912006,120.7915119,343
14.03032428,120.7917119,350.6
14.03132798,120.791913,369.4
14.03233276,120.7923207,399.4
14.03313593,120.7925229,439.7
14.03434231,120.7931362,457.7
14.03554869,120.7937495,418.7
14.03715607,120.7943606,416.5
14.03856292,120.7949728,458.1
14.041576,120.7959894,505.7
14.04478952,120.7970049,548.1
14.04579312,120.797206,531.6
14.0469994,120.7978193,514.1
14.04820567,120.7984326,499.9
14.04921143,120.7990471,487.3
14.0500156,120.7994559,492.9
14.05102136,120.8000704,506.3
14.0522276,120.8006837,534.3
14.05323225,120.8010915,547.5
14.05423582,120.8012926,554.2
14.05523938,120.8014937,548.2
14.05644452,120.8019004,533.8
14.05784906,120.8020992,525.8
14.06066031,120.8029103,519.1
14.06287223,120.8041382,522.4
14.06468315,120.8053683,487.7
14.06568994,120.8061895,470.3
14.06669672,120.8070106,461.5
14.06770134,120.8074185,456.9
14.06850763,120.8082408,445.9
14.07112373,120.8100866,407.8
14.07253256,120.8111123,388.1
14.07373983,120.8119324,376.7
14.07535023,120.8131637,376.6
14.07695956,120.8141884,381.4
14.07736269,120.8145995,376.8
14.07816897,120.8154219,367.3
14.07656501,120.8154308,389.2
14.07355653,120.8152407,438
14.06994444,120.8146405,427.8
14.06753423,120.813827,430.5
14.06512617,120.8134269,456.2
14.05890123,120.8116011,524.1
14.05609001,120.8107899,547.3
14.05368192,120.8103899,579.8
14.05167481,120.8099876,624
14.04786104,120.809182,570.9
14.04665589,120.8087753,572.4
14.04545073,120.8083687,559.8
14.04384456,120.8079642,551.7
14.04183629,120.8073553,603.1
14.04083268,120.8071542,586.9
14.03942698,120.8067486,598
14.03761917,120.8061386,680
14.03621128,120.8053198,628.4
14.03581025,120.805322,610.9
14.03440451,120.8049164,540.3
14.03279715,120.8043053,483.3
14.03139137,120.8038998,513.9
14.02958345,120.8032898,517.3
14.02797603,120.8026787,434.1
14.02697016,120.8020643,392.5
14.02596427,120.8014499,353.7
14.02435788,120.8010454,333.2
14.02235041,120.8006432,326.7
14.02094451,120.8002377,274.7
14.01933695,120.7996266,256.6
14.0185348,120.7996311,246.5
14.0175332,120.7998433,234.5
14.01632996,120.79985,234.8
14.01532833,120.8000622,238.7
14.01472888,120.8004789,243.6
14.01372834,120.8008978,246.3
14.01293051,120.8017289,243.2
14.01153319,120.8029766,189.7
14.01113861,120.8042188,231.9
14.01154514,120.8052499,218.6
14.01215113,120.8060732,192.6
14.01235168,120.8060721,189.7
14.0135593,120.8068921,212.4
14.01536637,120.8072954,242.5
14.01737719,120.8083176,267.9
14.01939012,120.8097531,277.4
14.02119816,120.8103631,301.5
14.0224035,120.8107698,329.1
14.02340938,120.8113842,341.5
14.02461469,120.8117909,326.2
14.02742526,120.8123953,410
14.02842894,120.8125964,426.2
14.02943261,120.8127976,440.3
14.03063894,120.8134109,458.1
14.03224629,120.814022,473.7
14.03304835,120.8140176,471.8
14.03405306,120.8144254,465.7
14.03505562,120.8144198,487.7
14.0362619,120.8150332,508
14.03746603,120.8152332,504.1
14.04007584,120.8158388,480.7
14.04107836,120.8158333,498.6
14.0420841,120.8164478,512.4
14.04429177,120.8168489,525.7
14.04629892,120.8172512,519.5
14.04850656,120.8176524,491.3
14.04931069,120.8180613,481.9
14.05091681,120.8184658,502.1
14.05192036,120.818667,511.3
14.05272342,120.8188693,515
14.05453002,120.8192727,559.2
14.05593455,120.8194716,587.7
14.05693916,120.8198795,577.9
14.05814213,120.8198729,577.3
14.06095118,120.8202708,535.8
14.0623557,120.8204698,515
14.0633603,120.8208776,508.8
14.06416441,120.8212866,496
14.06516901,120.8216945,485.1
14.06617147,120.821689,495
14.06898478,120.8229138,460.2
14.07099185,120.8233162,466.9
14.07219802,120.8239297,444.3
14.07340311,120.8243365,440.6
14.07601808,120.8259759,438.1
14.07682433,120.8267983,459.3
14.0776327,120.8280342,475.6
14.07743327,120.828242,480.3
14.07583462,120.8292843,486.3
14.07363129,120.8297097,494.3
14.07222994,120.8301307,501.3
14.06922464,120.8305605,501.9
14.06782223,120.8307748,514.8
14.06621827,120.8307836,510.3
14.06461431,120.8307923,511.9
14.06200787,120.8308065,536.8
14.06020341,120.8308164,559.1
14.05859627,120.8302051,598.1
14.0551836,120.8293969,588.8
14.05317756,120.8292012,561.9
14.05177196,120.8287955,523.6
14.04855868,120.8277797,472.5
14.04735461,120.8275796,462.4
14.04635105,120.8273784,437.6
14.04554692,120.8269695,417.4
14.04474491,120.8269739,407.2
14.04394078,120.8265649,415
14.04172887,120.825337,482.5
14.0403232,120.8249313,461.5
14.03931961,120.8247302,446.6
14.03851545,120.8243212,445.1
14.03771236,120.824119,424.9
14.03670874,120.8239178,399.5
14.03469832,120.8228955,431.4
14.03268893,120.8220799,381.7
14.03128319,120.8216743,380.1
14.02987744,120.8212687,408
14.02887378,120.8210675,407.8
14.02706589,120.8204575,366.2
14.02586168,120.8202575,347.7
14.02505745,120.8198486,337.4
14.02405268,120.8194408,328.8
14.02284738,120.8190341,324
14.02204419,120.8188319,322.3
14.0210394,120.8184241,334.1
14.01863084,120.8180241,302.4
14.01762815,120.8180296,271.3
14.01602382,120.8180385,259.1
14.0150211,120.818044,322.8
14.01401944,120.8182562,331.2
14.01362154,120.8188784,327.3
14.01302202,120.8192951,323.6
14.01222407,120.8201262,329.5
14.01182297,120.8201284,327.9
14.01122237,120.8203384,326.5
14.01042228,120.8207561,319.4
14.01002753,120.8219983,314.5
14.00903108,120.8232439,281.4
14.00883686,120.824485,296.1
14.00864262,120.8257261,319.5
14.00784143,120.8259372,319
14.00784774,120.8271772,336.5
14.00885579,120.828205,344.7
14.00985963,120.8284061,351.1
14.01126562,120.8288117,347.6
14.01227048,120.8292195,353.3
14.01327638,120.8298339,363.8
14.01368376,120.8310717,364.6
14.014487,120.831274,370.4
14.01609242,120.8314718,373.2
14.0176999,120.8320829,355.6
14.02051268,120.8331008,383
14.02232064,120.8337109,408
14.02392803,120.8343221,418.2
14.02613908,120.8353434,434.2
14.02774434,120.8355412,446.3
14.03015271,120.8359414,464.6
14.03155741,120.8361404,473.6
14.03256001,120.8361349,483.3
14.03456832,120.8367439,491.3
14.03577246,120.836944,491.3
14.03717815,120.8373497,488.1
14.03818176,120.8375509,487.5
14.03898486,120.8377532,471.7
14.04099101,120.8379489,458
14.04199565,120.8383568,472.2
14.04259822,120.8385602,476.6
14.0436018,120.8387614,466.6
14.04440488,120.8389637,477.7
14.04621466,120.8399874,520.7
14.04682035,120.8408108,496.8
14.04682453,120.8416376,476.8
14.04602458,120.8420554,488
14.04522568,120.8426798,501.1
14.04443092,120.8441311,527.6
14.04383043,120.844341,526.7
14.04342941,120.8443432,522.3
14.04182532,120.8443519,514.3
14.04102327,120.8443563,511.9
14.03921762,120.8441595,499.1
14.03841349,120.8437504,492.7
14.03760935,120.8433414,479.6
14.0366047,120.8429335,463.8
14.035599,120.8423189,450.1
14.03459226,120.8414977,445.4
14.03358343,120.840263,418.7
14.03317824,120.8394385,451
14.03257252,120.838615,469.6
14.03256731,120.8375816,474.8
14.03276262,120.8365471,482.6
14.03356156,120.8359227,496.3
14.0339605,120.8355071,490.2
14.03535993,120.8346727,481.9
14.03576096,120.8346705,481.2
14.03656197,120.8344594,462.8
14.03776296,120.8340395,463.7
14.03896602,120.8340329,488.4
14.03976702,120.8338218,496.3
14.04056801,120.8336107,506.8
14.04237363,120.8338075,528.6
14.04418029,120.834211,532.3
14.04538542,120.8346178,540.1
14.04639004,120.8350257,522.2
14.04899973,120.8356315,519
14.04960229,120.835835,514.7
14.0504043,120.8358306,507.7
14.0514089,120.8362385,503.4
14.05301501,120.8366431,527.5
14.05361651,120.8366399,541
14.05542205,120.8368367,576.9
14.05602355,120.8368335,591.3
14.05702605,120.836828,614.3
14.05802643,120.8364092,618.3
14.05942781,120.8359881,610.8
14.06042819,120.8355693,607.5
14.06142646,120.834737,571.4
14.06222528,120.8341126,534.2
14.06262416,120.833697,521.4
14.06382291,120.8328637,521.1
14.06501636,120.8309968,510.9
14.06641134,120.8293356,517.3
14.06740426,120.8274699,515.1
14.06840035,120.8262242,485.8
14.06919487,120.8247729,453.9
14.06979102,120.8237362,450.1
14.07058553,120.8222849,474.8
14.07118274,120.8214548,495.5
14.07217558,120.819589,473
14.07277064,120.8183455,410.2
14.07316627,120.8173098,384
14.07356297,120.8164808,397.3
14.07395429,120.8146184,431.6
14.07395,120.8137916,418.9
14.07454288,120.8121347,376.9
14.07493848,120.811099,403.7
14.07532762,120.808823,414.1
14.07651439,120.8057159,371.9
14.07670624,120.8040612,368.1
14.07690132,120.8030265,358
14.07729148,120.8009573,357.7
14.07768271,120.7990947,345.3
14.07827551,120.7974377,344.5
14.07866889,120.7959885,325.2
14.07886178,120.7945405,297.5
14.07885525,120.7933002,249.9
14.07884871,120.79206,244.7
14.07884544,120.7914399,251.8
14.07764246,120.7914467,296.1
14.07584126,120.7920769,325.4
14.07424384,120.7933262,293.2
14.07324573,120.7941586,319
14.07184553,120.7947866,331.6
14.07005307,120.7970704,343.3
14.06846542,120.8001798,491.8
14.06747706,120.8028724,523.1
14.06668916,120.8055638,479.6
14.06609524,120.807014,466
14.06510034,120.8084664,504
14.06450533,120.8097098,472.3
14.06411188,120.8111589,439
14.0637195,120.8128146,487.8
14.06352653,120.8142625,480
14.06313199,120.8155049,493.3
14.06233537,120.8165427,521.7
14.0613404,120.817995,490.3
14.06034542,120.8194474,525.2
14.05894944,120.8209019,580.2
14.0581528,120.8219397,565.7
14.05735721,120.8231842,555.9
14.05536608,120.8258822,571.4
14.05337383,120.8283734,558.8
14.05237663,120.8294123,548.9
14.0505848,120.8319024,529.3
14.04998752,120.8327324,503.8
14.04919077,120.8337703,503.1
14.04779566,120.8354314,492.8
14.04699785,120.8362626,489.2
14.04560374,120.8381304,482.5
14.04480589,120.8389615,491.5
14.04421063,120.840205,463
14.04241959,120.8429018,512.9
14.04122793,120.845182,528.6
14.04043313,120.8466332,504
14.03963726,120.8478778,472.7
14.03884139,120.8491224,456.2
14.0378388,120.8491278,451
14.03683415,120.8487199,449
14.03683209,120.8483065,453.4
14.03743055,120.8476831,481.7
14.03822642,120.8464386,512.6
14.03922073,120.8447795,506
14.0412134,120.8422883,495.2
14.04220972,120.8410427,473.9
14.0430055,120.8397982,457.1
14.04360076,120.8385547,468.3
14.0441981,120.8377247,481.4
14.04519225,120.8360657,516.8
14.04639004,120.8350257,522.2
14.04698735,120.8341957,513.2
14.0475836,120.833159,524.9
14.04837929,120.8319145,557.3
14.04857663,120.8312933,551.5
14.04897342,120.8304644,537.3
14.04936808,120.8292221,513.5
14.04976485,120.8283931,477.6
14.04996218,120.827772,469.9
14.0503547,120.8261163,503
14.05075039,120.8250807,501.2
14.05114608,120.8240451,514.6
14.05194275,120.8230073,533.4
14.05253786,120.8217639,541.1
14.05353181,120.8201049,537.2
14.05492246,120.817617,558.4
14.05611365,120.8153369,529.7
14.0575053,120.8130556,549.9
14.05929252,120.8097387,465.4
14.06107969,120.8064218,486
14.06286681,120.8031047,521
14.06465389,120.7997877,542.5
14.06604103,120.7966794,380.7
14.06722873,120.793779,349.4
14.06801869,120.7915008,374.7
14.06841203,120.7900517,409
14.06920525,120.7883936,384
14.07019896,120.7867343,381.5
14.07039617,120.786113,374.5
14.07119377,120.7852817,341.2
14.07178867,120.784038,304.5
14.07198478,120.7832101,293.4
14.07257968,120.7819664,268.8
14.07317567,120.7809294,254.8
14.07337067,120.7798947,255
14.07336627,120.7790679,256.8
14.07375846,120.7774119,242.4
14.07375294,120.7763783,235.1
14.07374743,120.7753447,230.9
14.07373859,120.7736909,225.9
14.07333096,120.7724529,220
14.07232402,120.7716317,222.9
14.0709183,120.7712263,218.7
14.06871278,120.7712389,208.2
14.06690827,120.7712493,204.2
14.0655081,120.7718774,202.2
14.06471053,120.7727089,211.1
14.06411458,120.7737458,220
14.06352084,120.7751962,238
14.06312981,120.7770589,260.1
14.06273877,120.7789215,288.4
14.06195113,120.7816132,350.6
14.06136177,120.7838903,438.3
14.06097727,120.786993,530.4
14.06039553,120.7907169,447.4
14.05980827,120.7934072,402.8
14.05961433,120.7946485,421.8
14.0592188,120.7956841,460.9
14.05842881,120.7979622,502.9
14.05783277,120.798999,532.1
14.0572389,120.8004491,551.7
14.05664501,120.8018992,530.4
14.05605004,120.8031427,523.5
14.05505515,120.804595,515.1
14.05426182,120.8062529,501.8
14.05306857,120.8081197,577.1
14.05167804,120.8106076,614
14.05008804,120.8133033,519
14.04869528,120.8153779,500.4
14.04770456,120.8176568,513.5
14.04631174,120.8197313,488.4
14.04551932,120.8215958,482.5
14.04432906,120.8240826,501.2
14.04353765,120.8261538,437.9
14.04294671,120.8282238,409
14.04275149,120.8292583,412.5
14.04275676,120.8302917,448.4
14.04256152,120.8313262,490.6
14.04236732,120.8325674,537.5
14.04217207,120.8336019,530.8
14.04157789,120.835052,505
14.04118525,120.8367077,476.5
14.04098892,120.8375355,460.4
14.04059834,120.8396046,455.6
14.03980254,120.8408491,465.8
14.03860778,120.8425092,475.5
14.03780883,120.8431336,478.9
14.03760935,120.8433414,479.6
14.03660781,120.8435536,473.6
14.03520625,120.8439746,462.5
14.0340052,120.8443946,454.4
14.03260258,120.844609,458.4
14.03159997,120.8446144,421.6
14.03079787,120.8446188,409.9
14.03019113,120.8435887,407.8
14.030187,120.8427619,395
14.03018182,120.8417285,384.3
14.03037509,120.8402806,446.8
14.03077094,120.839245,465.2
14.03136627,120.8380016,467.4
14.03315739,120.8353048,488.3
14.03574103,120.8307436,445.5
14.03872443,120.8259735,436.1
14.03991689,120.8239002,455.9
14.04090986,120.8220346,420.4
14.04190388,120.8203757,449.3
14.04309944,120.8189223,488.5
14.04369347,120.8174723,522.3
14.04428963,120.8164356,526.9
14.04488471,120.8151922,535.8
14.04587971,120.81374,514.6
14.04667634,120.8127021,517.2
14.04706982,120.8112532,553.4
14.04786428,120.809802,564.5
14.04845822,120.808352,568.5
14.04885274,120.8071097,592.8
14.04904675,120.8058685,623.8
14.04944234,120.8048329,622.8
14.04983792,120.8037973,572.5
14.05023349,120.8027617,534.8
14.05042856,120.8017272,531.6
14.05082303,120.8004849,518.3
14.05121423,120.7986225,478.5
14.05140928,120.797588,466.5
14.05160542,120.7967602,474.3
14.05199659,120.7948978,511.1
14.05238883,120.7932421,483.2
14.05258276,120.7920009,511.5
14.05277667,120.7907596,543.8
14.05316999,120.7893106,575.4
14.05356219,120.7876548,539
14.05415378,120.7857912,530.2
14.05554734,120.7839231,490.5
14.0563383,120.7818516,456
14.05653327,120.780817,419.1
14.05712259,120.7785399,340.9
14.05771633,120.7770896,296.2
14.05791129,120.776055,275.5
14.05889823,120.7731554,234
14.05988739,120.7706691,200
14.06047886,120.7688053,184.9
14.06067378,120.7677705,178.7
14.06067155,120.7673571,177.2
14.06066373,120.7659101,169.2
14.06065813,120.7648765,164.6
14.06065142,120.7636361,169.2
14.05984715,120.7632273,162.1
14.05924339,120.7628172,157.4
14.05864075,120.762614,158.4
14.05763821,120.7626197,157.1
14.05603416,120.7626289,158.3
14.05563539,120.7630446,162.2
14.05543825,120.7636659,164.5
14.05484234,120.764703,174.2
14.05444582,120.7655321,178.9
14.0540549,120.7673948,188.3
14.05346234,120.769052,188.1
14.05306804,120.7702945,200.4
14.05267373,120.771537,219.7
14.05228165,120.7731929,234.5
14.05148967,120.7750578,269.1
14.05069878,120.7771293,308.6
14.05010505,120.7785796,329.1
14.04951353,120.7804432,371.8
14.04852099,120.7823091,381.4
14.04793275,120.7847927,419
14.04713626,120.7858307,458.2
14.04694128,120.7868652,480.5
14.04655129,120.7889343,515.3
14.04615578,120.78997,558.5
14.04596077,120.7910045,554.4
14.04537243,120.793488,542.8
14.04458793,120.7967993,551.5
14.04380119,120.7996973,608.4
14.04360721,120.8009384,663.3
14.04321164,120.801974,680.4
14.04301874,120.8034218,629
14.04262641,120.8050775,609
14.04243131,120.8061119,589.9
14.04184385,120.808802,576.4
14.04125634,120.8114921,536.6
14.04087036,120.8143877,510.9
14.04027634,120.8158377,485.2
14.04008867,120.8183189,459
14.03969405,120.8195611,473.6
14.03949887,120.8205956,470.7
14.03930475,120.8218367,442.2
14.03890904,120.8228723,422.7
14.03871384,120.8239068,441.6
14.03831918,120.825149,431.3
14.03832447,120.8261824,423.2
14.0377314,120.8278391,390.9
14.03773667,120.8288725,395
14.03754248,120.8301137,447.5
14.03695671,120.8332171,441.1
14.03656721,120.8354928,499.2
14.03617558,120.8373552,486.2
14.03558445,120.8394253,418.8
14.03518966,120.8406676,426.2
14.03479796,120.84253,447.6
14.03440003,120.8431523,454.2
14.03380365,120.844189,447.7
14.03320208,120.8441923,448.6
14.03239896,120.84399,443.2
14.0315948,120.843581,425.6
14.03078961,120.8429653,410.7
14.03038649,120.8425541,399.7
14.0291792,120.841734,377.7
14.02857244,120.8407039,434.9
14.02836569,120.8394649,455.4
14.02815373,120.8371925,446.7
14.02814956,120.8363657,445.2
14.02854644,120.8355368,463.3
14.02913861,120.8336734,438.4
14.02912709,120.8314,395.8
14.02951658,120.8291244,408.6
14.03030601,120.8266399,343
14.03089912,120.8249832,390.3
14.03189429,120.823531,385.4
14.03368407,120.8206277,394.8
14.03527432,120.8179321,435.5
14.03567107,120.8171032,450.6
14.03606674,120.8160676,473.8
14.03666185,120.8148243,518.2
14.03705536,120.8133754,574.6
14.03724835,120.8119276,594
14.03764399,120.810892,603.8
14.03763969,120.8100654,606.2
14.03783588,120.8092376,604.9
14.03782941,120.8079976,629.7
14.03782401,120.8069642,666.1
14.03721382,120.8053142,650.6
14.03700681,120.8040753,594.3
14.03700139,120.8030419,580.9
14.03699378,120.8015952,587.4
14.03698725,120.8003552,587.1
14.03737955,120.7986996,628.8
14.0373719,120.7972529,565.4
14.03796687,120.7960095,496.5
14.03835913,120.7943539,439.5
14.03894858,120.7920771,416.8
14.03914469,120.7912493,391.3
14.03974071,120.7902125,415.7
14.03993351,120.7887647,458
14.0407234,120.7864867,427.5
14.04131608,120.7848299,379.1
14.04150662,120.7829686,339
14.04209815,120.781105,322.9
14.04249028,120.7794493,347.4
14.04308401,120.7779991,366.2
14.04387601,120.7761343,337
14.04406982,120.774893,330.8
14.04426474,120.7738584,301.3
14.04445854,120.7726171,257.7
14.04485508,120.771788,228.7
14.04505223,120.7711668,208.1
14.04524825,120.7703388,188.8
14.04564478,120.7695097,180.7
14.04603906,120.7682672,181.8
14.04642771,120.7659912,171.5
14.04662259,120.7649565,155.8
14.04681408,120.7633016,141.8
14.04680617,120.7618546,135.5
14.04660453,120.761649,134.1
14.0466,120.7608221,135.1
14.04579001,120.7593796,134.8
14.04478743,120.7593854,131
14.04458805,120.7595932,131.3
14.0443932,120.760628,136
14.04379845,120.7618717,136
14.04301109,120.7645635,144.5
14.04262473,120.767253,159.2
14.04183843,120.7701514,177.8
14.04164465,120.7713927,188.7
14.04124924,120.7724285,203.8
14.04105321,120.7732564,215.6
14.04045839,120.7745,213.8
14.04006631,120.7761558,229.5
14.03947594,120.7782261,256.4
14.03888554,120.7802963,305.1
14.03828845,120.7811264,326.6
14.03809017,120.7815409,324.2
14.03749752,120.7831978,345.4
14.03690042,120.7840279,355.9
14.03610723,120.7856858,334.1
14.03551233,120.7869293,291.2
14.03491852,120.7883794,338.9
14.03452742,120.7902417,414.9
14.03393139,120.7912784,468.8
14.03373857,120.7927262,457.5
14.03354574,120.7941741,427.1
14.03255413,120.7962464,530
14.03216404,120.7983153,506
14.03157558,120.8007987,486.7
14.03118434,120.8026609,532.3
14.03060014,120.8059709,452.5
14.03001911,120.8099009,436.5
14.03023468,120.8127931,463.7
14.03024969,120.8156864,438.5
14.03006199,120.8181676,420.2
14.0296716,120.8202364,414.1
14.02948489,120.8229242,379.1
14.029696,120.8249898,380.3
14.02970656,120.8270565,338.4
14.02971183,120.8280899,358.2
14.02971815,120.8293299,417.4
14.02972446,120.83057,408.1
14.0297297,120.8316034,395.6
14.0297339,120.8324301,411.7
14.02954175,120.8340846,449.7
14.02894645,120.8353279,468
14.02794591,120.8357468,448.9
14.02734641,120.8361635,438.5
14.0259448,120.8365845,438.6
14.02534321,120.8365878,430.5
14.02333373,120.8357722,396
14.02333165,120.8353588,402.4
14.02312695,120.8345332,408.8
14.02372123,120.8330832,414.8
14.02450764,120.8299787,374
14.02489819,120.8279097,337.8
14.02549345,120.8266664,300.9
14.02568448,120.8248053,350.2
14.02607706,120.8231497,372.1
14.02646644,120.8208742,354.2
14.02685898,120.8192186,350.9
14.02705098,120.8175642,359.7
14.02763972,120.8150809,408.4
14.02763543,120.8142542,415.4
14.02762363,120.8119809,399.3
14.0276161,120.8105342,367.4
14.02760748,120.8088809,378.4
14.02859712,120.8063954,440
14.02859279,120.8055687,444.9
14.02858411,120.8039154,481.7
14.02917807,120.8024654,463
14.02937423,120.8016376,437.4
14.02956604,120.7999831,429.2
14.0295584,120.7985365,466.6
14.0289459,120.7964731,470
14.02894261,120.7958531,435.6
14.02893713,120.7948198,385.5
14.02852509,120.7927553,335.1
14.02951448,120.7902697,382.8
14.0291046,120.7886185,342.8
14.02910018,120.7877918,331.4
14.02949568,120.7867562,341.4
14.02969177,120.7859284,315.1
14.02988563,120.7846872,257.5
14.02987896,120.7834471,222.6
14.02987006,120.7817937,214.9
14.03006612,120.7809658,225.5
14.03065987,120.7795157,216.7
14.03105086,120.7776533,186.9
14.03144742,120.7768243,180.4
14.03164009,120.7753763,174.4
14.03183837,120.7749618,173.8
14.03203103,120.7735139,168.3
14.03222593,120.7724793,164.3
14.03262022,120.7712369,164.3
14.03281736,120.7706157,164.5
14.03301111,120.7693743,165
14.03340538,120.7681319,155
14.03360025,120.7670973,157.9
14.03379511,120.7660626,162.2
14.03338952,120.7652381,159.3
14.03258742,120.7652426,157.5
14.03178531,120.7652471,152.7
14.0309832,120.7652516,147.6
14.02978002,120.7652584,139.9
14.02938123,120.7656741,140.4
14.02878305,120.7662975,143.5
14.02739181,120.7685791,149
14.02640046,120.7706517,152.4
14.02600844,120.7723075,158.7
14.0258158,120.7737554,162.6
14.02561977,120.7745833,165.4
14.02502605,120.7760335,172
14.02482664,120.7762413,172
14.02343526,120.7785227,182.3
14.02324033,120.7795572,185.4
14.02284821,120.7812129,189.2
14.02285826,120.783073,191.9
14.02286828,120.7849331,196.7
14.02288051,120.7872065,217.7
14.02269327,120.7896876,274.3
14.02250929,120.7927888,260.5
14.02212362,120.7956844,317.4
14.02153846,120.7987877,291
14.02115049,120.8012699,291.4
14.02095649,120.802511,277.3
14.02077008,120.8051988,294.9
14.02038092,120.8074743,268.6
14.02019442,120.810162,289.6
14.0198041,120.8122308,278
14.01941054,120.8136797,281.7
14.01921858,120.8153341,318.6
14.01882498,120.816783,291.8
14.01862978,120.8178174,300.6
14.01843563,120.8190585,299.5
14.01804093,120.8203007,273
14.01764622,120.8215429,300.5
14.01745098,120.8225773,340.3
14.01725467,120.8234051,353
14.01685993,120.8246473,353.2
14.01646833,120.8265095,362.2
14.01607565,120.8281651,334.9
14.01547926,120.8292017,310.6
14.01508027,120.8296173,333.7
14.01488391,120.8304451,365.4
14.0142875,120.8314817,369.7
14.01368585,120.8314851,369.5
14.01228199,120.8314928,369.8
14.01147977,120.8314972,362.8
14.01067546,120.8310883,353.2
14.00987114,120.8306794,348.6
14.00886207,120.829445,335.4
14.00825515,120.8284149,334.3
14.00704128,120.8263549,325.9
14.00642801,120.824085,294.7
14.00642167,120.822845,260.4
14.00700322,120.8189151,314.2
14.00759639,120.8172584,318.1
14.00798898,120.8156029,317.6
14.00798363,120.8145696,312.5
14.00837081,120.8118808,280.1
14.00896388,120.8102242,281.6
14.00955908,120.8089809,278
14.0103559,120.8079432,262.2
14.01194516,120.805041,204.2
14.01352997,120.8013122,247
14.0149185,120.7984111,223.1
14.01570751,120.7959267,225.2
14.01670143,120.7942678,229.3
14.01729865,120.7934378,214.6
14.0180964,120.7926067,209.1
14.01949355,120.7913589,227.7
14.02068571,120.7892855,220.5
14.0222778,120.7870031,212.9
14.02346988,120.7849297,198.8
14.02486803,120.7838885,202.9
14.02626728,120.7830539,210.1
14.02746711,120.7824272,210.8
14.02906685,120.7815915,208.1
14.03026553,120.780758,232.5
14.0314642,120.7799246,239.4
14.0322607,120.7788866,213.4
14.03285667,120.7778498,205.6
14.0342603,120.777842,224.6
14.03626436,120.777624,200.7
14.03686591,120.7776206,206.4
14.03826504,120.776786,225.5
14.03966864,120.7767781,235.7
14.04106887,120.7761501,267
14.04307062,120.7755187,300.3
14.0450746,120.7753007,348.4
14.04587551,120.7750895,310.5
14.04788058,120.7750782,291.8
14.04968178,120.7744479,252.7
14.0508837,120.7742344,247.4
14.0524855,120.7738119,252.2
14.05448608,120.7729737,241.6
14.05548636,120.7725546,228.2
14.05728531,120.7715108,210.7
14.0584861,120.7710906,207.5
14.05968688,120.7706703,199.6
14.06028839,120.7706669,199.9
14.06108817,120.7702489,194.5
14.06289157,120.7700318,199.1
14.06349197,120.7698217,197.8
14.06449336,120.7696093,190.7
14.06649616,120.7691844,196.1
14.06890218,120.7691706,204.5
14.07070671,120.7691602,210.2
14.07171255,120.7697747,215.5
14.07251677,120.7701835,217.9
14.07332432,120.7712126,220
14.07313046,120.7724541,221.4
14.07253559,120.7736978,229.7
14.0723373,120.7741124,231.6
14.07134143,120.7753584,228.1
14.07074545,120.7763954,230.8
14.06914588,120.7772314,245.8
14.06774901,120.7784797,271.9
14.06675204,120.7795189,296.5
14.06575727,120.7809715,320.2
14.06495859,120.7815962,338.5
14.06436151,120.7824264,363
14.06316293,120.78326,391.5
14.06136727,120.7849238,478
14.0593777,120.7878288,563.5
14.0569893,120.7911494,468.4
14.05440036,120.794471,478.2
14.0524085,120.7969624,468.3
14.05141146,120.7980014,471.5
14.05021284,120.7988348,481
14.04961461,120.7994582,492.5
14.04741891,120.8013306,562.6
14.04602084,120.8023718,653.2
14.04362459,120.8042452,604.7
14.04062569,120.8059153,615.5
14.0394259,120.806542,598.8
14.03862712,120.8071664,630.8
14.03662959,120.8086242,601.9
14.03463311,120.8102887,552.7
14.03263658,120.8119531,494.8
14.03223663,120.812162,490.9
14.03163616,120.812372,488.8
14.03063572,120.8127909,475
14.02963742,120.8136231,440.2
14.02863804,120.8142487,426.1
14.02763758,120.8146675,412.9
14.02604195,120.8163297,378
14.02484627,120.817783,353.5
14.02365056,120.8192363,326.6
14.02225748,120.8213107,349.8
14.0212633,120.8229696,289.3
14.01987224,120.8254574,366.1
14.01887903,120.8273229,369.7
14.01848636,120.8289785,379.3
14.02009591,120.830003,384.4
14.02130228,120.8306163,408.8
14.02290864,120.8310209,427.7
14.02451499,120.8314254,421.5
14.02551868,120.8316265,430.1
14.0271229,120.8316177,405.5
14.02912814,120.8316067,396.5
14.03153229,120.8311801,410.3
14.0333338,120.8305501,432.1
14.03513633,120.8301269,433.2
14.03613679,120.829708,424.2
14.03813875,120.829077,395.4
14.04054064,120.8282371,405
14.04233991,120.8271938,446.3
14.04433967,120.8261494,427.5
14.04613677,120.8246927,456
14.04733553,120.8238594,460.5
14.04853428,120.823026,465.5
14.05012975,120.8213638,483.6
14.05272662,120.8194893,515.9
14.05471982,120.8172048,558.9
14.05711612,120.8153314,523.3
14.05931189,120.813459,521.1
14.06090831,120.8120034,507.4
14.06250041,120.8097209,441.7
14.06349748,120.808682,479.7
14.06429405,120.8076441,517.4
14.06569318,120.8068095,471.5
14.06729063,120.8055605,469.2
14.06908749,120.8041036,489
14.06988405,120.8030657,452.5
14.0716809,120.8016087,413.5
14.07248179,120.8013976,404.9
14.07328268,120.8011864,395.4
14.07408357,120.8009752,383.7
14.07508495,120.8007629,368
14.07648733,120.8005484,360
14.07829179,120.8005383,351.5
14.07929426,120.8005327,348.1
14.08009625,120.8005282,343.8
14.08150189,120.8009338,294.1
14.08230497,120.801136,283.3
14.08290863,120.801546,299.3
14.08311021,120.8017516,307
14.08110523,120.8017628,307.8
14.07910027,120.801774,349.8
14.07669649,120.8022009,357.1
14.07469372,120.8026254,370.7
14.07269528,120.8038768,383
14.07189655,120.8045014,404.9
14.07109674,120.8049192,422.8
14.0696987,120.8059605,462.2
14.06730359,120.8080408,454.2
14.06630329,120.8084597,482.7
14.06510573,120.8094998,491.5
14.0637109,120.8111611,444.8
14.06291323,120.8119923,477.5
14.06152161,120.8142736,498.3
14.060725,120.8153114,528.7
14.05973218,120.8171771,496.7
14.0587372,120.8186295,526
14.05754385,120.8204962,574.9
14.05655097,120.8223619,569.9
14.05535651,120.824022,583.6
14.05456409,120.8258866,555.6
14.05337277,120.8281667,552.5
14.0523798,120.8300324,551.1
14.05138575,120.8316913,540.3
14.05058902,120.8327291,507.8
14.04999173,120.8335592,508.9
14.04939443,120.8343892,518.4
14.04859768,120.835427,511.6
14.04820087,120.836256,504
14.0476025,120.8368793,488.4
14.04720569,120.8377083,488.5
14.04621048,120.8391606,532.8
14.04601415,120.8399884,517.8
14.04561836,120.8410241,475
14.04542306,120.8420587,491.3
14.04522776,120.8430932,494.7
14.04503453,120.8445412,538.9
14.04464181,120.8461969,523
14.04444441,120.8468181,498.5
14.04424907,120.8478527,499.2
14.04425424,120.8488862,534.7
14.04425837,120.8497131,536.7
14.0442625,120.8505399,509.6
14.04426868,120.8517801,488.4
14.04507074,120.8517758,491.1
14.04527125,120.8517747,491.9
